task: [fmt-check] cargo xtask fmt --check
task: [status-check] cargo xtask status --check
delivered-waves record is up to date (93 tags)
AGENTS.md gate-step list is up to date (16 steps)
the website's currency stamps are up to date (0.63.1)
task: [plan-check] cargo run -q -p aep-cli --bin protocol -- plan artifact validate
335 file(s) in <AEP_WORKTREE>/.engineering/planning: 335 artifact(s)
4 closed on an assertion:
  - story:guard-tests reached implemented on an assertion rather than a record — the evidence was claimed, not held
  - story:changelog-claims-are-checked reached implemented on an assertion rather than a record — the evidence was claimed, not held
  - story:journal-reconciliation reached implemented on an assertion rather than a record — the evidence was claimed, not held
  - story:sqlite-backend-adapter reached implemented on an assertion rather than a record — the evidence was claimed, not held
5 review(s) recorded no findings block:
  - review-result:er-direct-return-reader-review states its findings as prose only — nothing can enumerate what it found, so                  the next review starts from nowhere
  - review-result:ess-conformance-coverage-source-adversary-pass-2 states its findings as prose only — nothing can enumerate what it found, so                  the next review starts from nowhere
  - review-result:ess-conformance-v2-counts-adversary-pass-1 states its findings as prose only — nothing can enumerate what it found, so                  the next review starts from nowhere
  - review-result:planning-migration-command-contract-pass-1 states its findings as prose only — nothing can enumerate what it found, so                  the next review starts from nowhere
  - review-result:planning-migration-command-contract-pass-2 states its findings as prose only — nothing can enumerate what it found, so                  the next review starts from nowhere
valid
task: [audit-check] bash .engineering/checks/run.sh table-shape open-cells closed-cells followups citations layered-rows scan-loop

== table-shape  (task:ova-table-shape) ==
PASS  T8   the table parser is defined once in lib.sh, and every sibling reads through it
PASS  T1   the audit contains exactly one markdown table
PASS  T2   its header is the seven column names, in order, cell for cell after trimming
PASS  T3   every data row has exactly seven cells
PASS  T4   every Verdict cell is exactly open or closed — no third value, no hedge
        · 15 open, 4 closed, 19 data row(s)
PASS  T5   at least one row is open and at least one is closed
        · floor: 12 candidate(s) from the scan
PASS  T6   the data row count is at least the candidate count the scan emits
PASS  T7   emptying the table turns T5 and T6 red — the quantified rows are not vacuous

== open-cells  (task:ova-open-cells) ==
PASS  O1   every open row's Guarantee is exactly the em dash
PASS  O2   every open row's Reason for adopters at is exactly the em dash
PASS  O3   every open row's Follow-up is exactly the em dash
PASS  O4   empty, whitespace, -, n/a, none and TBD are each red in an open row
PASS  O5   at least one open row exists, so O1-O3 are not vacuously true
PASS  O6   every violation names the row's Declaration and the offending column
PASS  O7   rows inspected equals the number of open verdicts the table carries

== closed-cells  (task:ova-closed-cells) ==
PARTITION	settled	166	Relation names a relations document may use
PARTITION	settled	167	Capability value names the engine accepts
PARTITION	settled	168	Evidence kind names the engine accepts
PARTITION	settled	169	Predicate operators in mapping form
PASS  K1   every closed row's Guarantee is the literal none or a non-empty statement
PASS  K2   every Reason for adopters at is none, or a corpus path (with optional anchor) that exists
PASS  K3   a Reason for adopters at that exists but is outside the corpus is red
        · 4 settled, 0 unsettled, of 4 closed row(s)
PASS  K4   every closed row is printed as settled or unsettled, with a count of each
PASS  K5   a guarantee of none flips a settled row to unsettled — the partition rule discriminates
PASS  K6   at least one closed row exists, so K1-K4 are not vacuous
PASS  K7   rows partitioned equals the number of closed verdicts the table carries
PASS  K8   no row here fails for being closed: an all-settled table passes
        · 4 anchored reason(s) resolved against their file's headings
PASS  K9   an anchor in a Reason for adopters at resolves to a heading in the file it names
PASS  K10  no closed row points its reason at this audit — a cell is not somewhere else

== followups  (task:ova-followups) ==
PASS  F8   the partition is read from check-closed-cells.sh, not recomputed here
PASS  F1   every unsettled closed row's Follow-up is a story: or architecture-decision-record: id
PASS  F2   each such id appears in protocol artifact list --format json
PASS  F3   every settled closed row's Follow-up is exactly the em dash
PASS  F4   an id that is not in the store is reported by name — F2 discriminates
PASS  F5   each named artifact's title carries the Declaration cell of the row that produced it
PASS  F6   each named artifact is related to story:open-vocabulary-audit in the store's graph
PASS  F7   each named artifact is in its kind's initial status — none was moved
PASS  F9   rows examined equals the number of closed rows in the table

== citations  (task:ova-citations) ==
PASS  I1   every Invited at cell parses as a path, a line number and a quoted fragment
PASS  I2   each such path is a member of the corpus, re-derived from the globs
PASS  I3   each quoted fragment occurs verbatim in the file it cites
PASS  I4   each cited line number is within that file's length
PASS  I5   every Decided by cell is a path in one of the two permitted forms
PASS  I6   for the file:line form, the file exists and has at least that many lines
PASS  I7   for the file:key form, the key occurs as a declaration, not as prose
PASS  I8   no Decided by cell is prose: an unresolvable cell is red and named
        · mutated a copy of website/docs/reference/vocabulary.md (cited by 'A protocol document's `capabilities:` block'), fragment removed
PASS  I9   deleting a cited fragment on a copy turns I3 red — the fragment really is a detector
PASS  I10  cells checked equals the table's row count: no row is skipped for being unparseable
        · 19 fragment(s) at their cited line; 4 closed and 3 open crates/ citation(s)
PASS  I11  each quoted fragment occurs at the line the cell cites, not merely somewhere in the file
PASS  I12  a closed row's crates/ file:line is an item declaration, never a use site
        · 3 open row(s) decide a verdict inside crates/ — each needs the escape hatch on the cited line
PASS  I13  an open row's crates/ file:line is the variant that admits a free value, not the enum head

== layered-rows  (task:ova-layered-rows) ==
        · document layer: 'A relation document under `artifacts/relations/`' · value layer: 'Relation names a relations document may use'
PASS  L1   the table carries two relation rows, distinguished by the layer each describes
PASS  L2   one is open, decided under artifacts/relations/; the other closed, decided in artifact.rs
        · crates/govern/aep-domain/src/artifact.rs:1180 carries 'pub enum RelationKind'
PASS  L3   both Decided by paths exist, and the closed one's cited line carries the enum declaration
PASS  L4   no Declaration appears twice with the same Verdict — a duplicate must differ by verdict
PASS  L5   the audit states the one-row-per-layer rule and names both relation rows
PASS  L6   merging the two rows into one on a copy turns L1 red
PASS  L7   the closed row's line is resolved at check time, so moving the enum turns L3 red

== scan-loop  (task:ova-scan-loop) ==
PASS  P1   every candidate the scan emits has a row naming it in Declaration or Decided by
        · removing docs/guide/open-vocabulary.md:154 orphans candidate 'approval_floor', as P1 requires
PASS  P2   deleting such a row on a copy turns P1 red, naming the orphaned candidate
PASS  P3   every row the scan does not emit carries an Invited at that resolves
PARTITION	scan-backed	12
PARTITION	reading-backed	7
        · 12 scan-backed + 7 reading-backed = 19 data row(s)
PASS  P4   the partition is printed and scan-backed plus reading-backed equals the row count
PASS  P5   the audit states that the scan cannot find a closed surface, in its own words
        · floors: 12 candidate(s), 7 reading-backed row(s) — both must be ≥ 1
PASS  P6   neither rule is vacuous: an empty scan reddens P1, an empty reading partition reddens P3
PASS  P7   every candidate is accounted for exactly once; a candidate matched twice is reported

== W4-2 verifiers ==

RESULT  UNIT                OWNS                          DECIDES
------  ------------------  ----------------------------  ----------------------------
PASS    table-shape         task:ova-table-shape          exactly one table, the seven columns in order, every verdict open or closed, a non-vacuous floor
PASS    open-cells          task:ova-open-cells           every open row's three trailing cells hold an em dash, never a blank or a hedge
PASS    closed-cells        task:ova-closed-cells         every closed row states a guarantee and an anchor an adopter can follow somewhere other than here
PASS    followups           task:ova-followups            every unsettled closed row names a planning artifact that resolves in the store
PASS    citations           task:ova-citations            every Invited at fragment is at the line it cites, and every Decided by line settles its verdict
PASS    layered-rows        task:ova-layered-rows         the relation vocabulary gets one row per layer, never one averaged verdict
PASS    scan-loop           task:ova-scan-loop            every scan candidate has a row, every non-scanned row has a resolving citation, and the limit is stated

61 pass, 0 fail, 0 broken check(s), 0 undeclared check(s)
units: <AEP_WORKTREE>/.engineering/checks/units.tsv
task: [version-check] cargo xtask version
version 0.63.1 matches the newest release tag
task: [dep-check] cargo xtask deps
entity-runtime is pinned once: entity-core, entity-postgres, entity-query, entity-remote, entity-sqlite, entity-store at 0.25.0 (git+https://github.com/beyond10x/entity-runtime?rev=44c14c05f68025085f4a3a89b6c9f5e544f7921e#44c14c05f68025085f4a3a89b6c9f5e544f7921e)
task: [guard-check] cargo xtask guards
1999 test body/bodies compared, 0 duplicated across crates, 5 excused (the three parallel command vocabularies)
task: [claim-check] cargo xtask claims
59 claim(s) checked against the previous release, 100 unverifiable, 1 excused, 0 finding(s)
task: [clippy] cargo clippy --workspace --all-targets -- -D warnings
    Checking aep-ess-evidence v0.63.1 (<AEP_WORKTREE>/crates/observe/aep-ess-evidence)
    Finished `dev` profile [unoptimized] target(s) in 0.36s
task: [test] cargo test --workspace
   Compiling aep-ess-evidence v0.63.1 (<AEP_WORKTREE>/crates/observe/aep-ess-evidence)
    Finished `test` profile [unoptimized] target(s) in 0.34s
     Running unittests src/lib.rs (target/debug/deps/aep_backend_entity-5337bbb8e3766a02)

running 5 tests
test identity_tests::provider_reserved_identities_do_not_discard_the_configured_lifecycles ... ok
test kernel::tests::a_ladder_the_kernel_cannot_hold_is_a_verdict_not_a_panic ... ok
test definition::tests::an_artifact_is_created_with_typed_fields_and_a_wrong_type_is_refused ... ok
test kernel::tests::a_readable_ladder_still_decides_and_describes ... ok
test definition::tests::an_edit_replaces_the_content_in_place_and_a_move_off_the_ladder_is_refused ... ok

test result: ok. 5 passed; 0 failed; 0 ignored; 0 measured; 0 filtered out; finished in 0.01s

     Running tests/atomic_commands.rs (target/debug/deps/atomic_commands-06728395cba9e1ff)

running 2 tests
test a_failed_provider_batch_publishes_neither_durable_nor_local_prefix ... ok
test a_writer_hydrated_before_a_newer_commit_cannot_overwrite_it ... ok

test result: ok. 2 passed; 0 failed; 0 ignored; 0 measured; 0 filtered out; finished in 0.23s

     Running tests/conformance.rs (target/debug/deps/conformance-4cbc5c5c2fee2467)

running 5 tests
test a_failed_batch_leaves_the_adapter_clean_and_readable ... ok
test the_adapter_over_a_memory_store_conforms ... ok
test the_adapter_over_a_sqlite_store_conforms ... ok
test the_suites_that_pass_over_a_memory_store_catch_an_adapter_that_is_wrong ... ok
test the_suites_that_pass_over_a_sqlite_store_catch_an_adapter_that_is_wrong ... ok

test result: ok. 5 passed; 0 failed; 0 ignored; 0 measured; 0 filtered out; finished in 0.33s

     Running tests/events.rs (target/debug/deps/events-6c9a81c219dac069)

running 4 tests
test legacy_aep_audit_events_do_not_claim_kernel_verified_replay ... ok
test each_accepted_command_is_one_event_in_the_file_read_through_a_second_handle ... ok
test a_replayed_command_writes_no_event_as_it_writes_no_instance ... ok
test a_refused_command_writes_no_event_and_the_file_says_so ... ok

test result: ok. 4 passed; 0 failed; 0 ignored; 0 measured; 0 filtered out; finished in 0.39s

     Running tests/hydration.rs (target/debug/deps/hydration-82c0ce7721052b74)

running 5 tests
test a_replay_across_processes_is_recognised ... ok
test a_second_process_sees_everything_the_first_wrote_with_the_same_identities ... ok
test a_row_this_backend_cannot_read_back_refuses_the_open_by_name ... ok
test a_removed_relation_stays_removed_after_reopen ... ok
test a_second_process_mints_identities_past_the_first_ones ... ok

test result: ok. 5 passed; 0 failed; 0 ignored; 0 measured; 0 filtered out; finished in 0.68s

     Running tests/planning_definitions.rs (target/debug/deps/planning_definitions-ca5a726688a87bac)

running 1 test
test every_shipped_ladder_is_an_entity_type_with_its_moves_and_an_edit ... ok

test result: ok. 1 passed; 0 failed; 0 ignored; 0 measured; 0 filtered out; finished in 0.01s

     Running unittests src/lib.rs (target/debug/deps/aep_backend_hybrid-85535d83ea773747)

running 0 tests

test result: ok. 0 passed; 0 failed; 0 ignored; 0 measured; 0 filtered out; finished in 0.00s

     Running tests/conformance.rs (target/debug/deps/conformance-0d50e219019eb091)

running 3 tests
test the_composite_conforms ... ok
test the_replica_is_the_authority_too ... ok
test the_suites_that_pass_here_catch_a_backend_that_is_wrong ... ok

test result: ok. 3 passed; 0 failed; 0 ignored; 0 measured; 0 filtered out; finished in 0.07s

     Running tests/divergence.rs (target/debug/deps/divergence-16ab35ca6184acf1)

running 2 tests
test a_replica_that_moved_on_its_own_stays_outstanding_for_a_person ... ok
test a_write_the_replica_refused_is_recorded_beside_the_plan_and_caught_up_by_the_next_process ... ok

test result: ok. 2 passed; 0 failed; 0 ignored; 0 measured; 0 filtered out; finished in 0.30s

     Running unittests src/lib.rs (target/debug/deps/aep_backend_markdown-a6fbbfce9761f16d)

running 110 tests
test chain::tests::a_journal_with_no_seals_at_all_is_uncovered_and_is_not_reported_as_broken ... ok
test claim::tests::a_hyphen_separator_is_not_an_annotation_and_is_not_raw_counted ... ok
test claim::tests::a_date_the_calendar_does_not_have_is_refused_with_a_reason ... ok
test claim::tests::a_space_after_the_opening_paren_leaves_a_record_carrying_the_stated_default ... ok
test claim::tests::a_malformed_record_renders_its_source_rather_than_its_default ... ok
test claim::tests::a_well_formed_record_renders_the_canonical_line ... ok
test claim::tests::a_token_in_capitals_or_with_inner_spaces_still_parses ... ok
test claim::tests::a_fourteen_day_horizon_written_by_hand_is_not_malformed ... ok
test claim::tests::an_annotation_ending_a_table_cell_with_no_break_is_found ... ok
test claim::tests::an_annotation_inside_inline_code_is_found_without_its_backticks ... ok
test claim::tests::an_observation_dated_after_the_reference_date_is_refused_rather_than_recorded ... ok
test claim::tests::an_observation_exactly_its_horizon_old_is_not_expired ... ok
test claim::tests::one_day_past_the_horizon_is_expired_by_one_day ... ok
test claim::tests::a_body_stops_at_a_bare_quote_line ... ok
test claim::tests::prose_inside_the_token_does_not_parse ... ok
test claim::tests::the_raw_count_sees_an_annotation_the_parser_is_given_no_chance_at ... ok
test claim::tests::the_second_of_two_consecutive_break_rows_keeps_its_own_date_and_horizon ... ok
test claim::tests::a_claim_stated_twice_at_one_date_is_reported_ambiguous_rather_than_paired ... ok
test claim::tests::two_adjacent_annotations_are_two_records ... ok
test claim::tests::a_body_stops_at_every_line_a_reader_would_call_a_new_one ... ok
test claim::tests::horizon_growth_ignores_a_pair_whose_observation_date_moved ... ok
test document::tests::a_document_with_no_fence_is_refused_by_variant ... ok
test chain::tests::the_lock_is_released_when_the_append_returns ... ok
test document::tests::an_undated_rung_names_the_flag ... ok
test chain::tests::an_appended_record_that_forges_a_revision_cannot_be_sealed_by_copying_a_neighbour ... ok
test chain::tests::the_first_sealed_record_freezes_the_legacy_lines_before_it ... ok
test document::tests::an_unobservable_rung_names_the_verb_not_the_rules_address ... ok
test chain::tests::a_half_written_line_is_debris_and_the_next_append_re_anchors_across_it ... ok
test document::tests::an_unreadable_ladder_is_a_refusal_about_the_kernel ... ok
test document::tests::a_fence_that_never_closes_is_refused_rather_than_read_to_the_end ... ok
test document::tests::each_refusal_reason_carries_its_own_tag_and_what_it_read ... ok
test document::tests::a_refusal_serialises_with_its_reason_and_every_legal_target ... ok
test document::tests::a_crlf_document_is_read_and_its_body_kept ... ok
test document::tests::an_invalid_document_reports_validation_errors_not_a_syntax_error ... ok
test document::tests::replacing_the_body_preserves_frontmatter_and_bumps_one_revision ... ok
test document::tests::replacing_a_body_with_the_same_bytes_changes_nothing ... ok
test document::tests::a_relation_that_is_already_declared_does_not_bump_the_revision ... ok
test chain::tests::two_records_swapped_break_the_chain_even_though_neither_was_edited ... ok
test chain::tests::a_record_removed_from_the_middle_leaves_the_next_one_naming_a_parent_that_is_not_there ... ok
test chain::tests::a_journal_this_store_wrote_verifies_and_reports_every_record_as_covered ... ok
test chain::tests::stripping_the_seals_off_the_tail_is_a_break_and_not_a_downgrade_to_legacy ... ok
test chain::tests::a_middle_record_that_was_edited_is_named_by_its_own_event_id ... ok
test document::tests::the_body_survives_a_round_trip_byte_for_byte ... ok
test document::tests::rendering_twice_produces_the_same_bytes ... ok
test drift::tests::a_document_with_no_events_predates_the_log_and_is_not_forged ... ok
test findings::tests::a_body_with_no_block_has_no_findings_and_is_not_an_error ... ok
test findings::tests::a_fence_of_either_character_hides_the_findings_fence_it_quotes ... ok
test chain::tests::a_sealed_record_still_parses_as_the_runtime_event_it_was ... ok
test findings::tests::a_block_written_as_json_reads_messages_carrying_colons_quotes_and_apostrophes ... ok
test findings::tests::a_message_is_compared_without_its_case_or_its_wrapping ... ok
test findings::tests::a_key_this_format_does_not_have_is_refused ... ok
test findings::tests::a_position_either_parser_prints_is_taken_out_of_the_detail ... ok
test findings::tests::a_value_not_found_on_any_line_is_reported_at_its_entry_and_says_so ... ok
test findings::tests::a_reader_error_is_positioned_at_the_body_line_holding_its_offset ... ok
test drift::tests::a_document_at_the_revision_of_a_write_that_changed_nothing_is_not_drift ... ok
test drift::tests::a_forged_revision_beside_an_edited_status_is_two_findings_and_not_one ... ok
test drift::tests::a_revision_above_every_event_is_forged_and_is_not_reported_as_ordinary_drift ... ok
test drift::tests::more_events_than_the_revision_is_not_forged_because_an_evidence_record_writes_nothing ... ok
test findings::tests::a_value_outside_the_vocabulary_is_refused_with_its_own_line_quoted ... ok
test findings::tests::a_value_outside_the_vocabulary_is_refused_at_the_line_it_is_written_on ... ok
test findings::tests::an_empty_block_is_refused_with_the_accepted_spelling_of_no_findings ... ok
test findings::tests::a_finding_that_moved_two_lines_is_carried_and_one_that_moved_four_is_not ... ok
test findings::tests::an_empty_sequence_is_a_review_with_no_findings ... ok
test drift::tests::a_document_at_the_revision_its_events_record_is_not_forged ... ok
test findings::tests::every_key_of_an_entry_is_read_and_an_unwritten_origin_is_undecided ... ok
test findings::tests::findings_input_that_is_not_json_is_refused_at_its_line_with_the_text_quoted ... ok
test findings::tests::an_unterminated_block_is_refused_rather_than_read_to_the_end_of_the_body ... ok
test findings::tests::a_block_that_does_not_parse_is_refused_at_one_body_line_quoting_it_with_a_json_hint ... ok
test findings::tests::findings_given_as_json_are_read_against_the_same_entry_schema ... ok
test findings::tests::a_line_neither_side_wrote_is_not_a_difference ... ok
test findings::tests::an_escaped_value_in_a_json_block_is_located_by_what_it_decodes_to ... ok
test drift::tests::a_list_a_command_emptied_is_not_reported_as_an_edit_outside_a_command ... ok
test frontmatter::tests::a_document_in_the_tree_projection_format_is_read_and_written_back_in_it ... ok
test findings::tests::one_earlier_finding_answers_for_at_most_one_later_finding ... ok
test findings::tests::rendered_findings_read_back_from_a_body_as_the_same_findings ... ok
test findings::tests::each_verdict_spelling_of_both_vocabularies_is_read ... ok
test frontmatter::tests::a_document_without_a_format_key_is_read_as_the_current_format ... ok
test frontmatter::tests::a_document_wrong_about_two_things_reports_both ... ok
test frontmatter::tests::a_format_version_this_build_does_not_read_is_refused_by_code ... ok
test frontmatter::tests::a_kind_alias_is_accepted_and_canonicalised ... ok
test frontmatter::tests::an_unknown_key_survives_validation ... ok
test frontmatter::tests::a_status_the_last_transition_did_not_move_to_is_refused ... ok
test frontmatter::tests::revision_zero_is_refused_because_no_write_produced_it ... ok
test frontmatter::tests::every_malformed_reference_is_reported_and_not_just_the_first ... ok
test frontmatter::tests::one_path_declared_twice_is_refused_naming_the_path ... ok
test frontmatter::tests::the_artifact_it_maps_to_is_located_at_its_file_and_carries_no_timestamp ... ok
test frontmatter::tests::a_model_digest_is_kept_on_a_compiled_kind_and_refused_by_name_on_every_other ... ok
test frontmatter::tests::a_withheld_evidence_kind_survives_a_round_trip_and_a_misspelling_does_not ... ok
test frontmatter::tests::a_v3_document_with_transitions_renders_back_byte_for_byte ... ok
test frontmatter::tests::a_scope_round_trips_and_keeps_the_confidence_each_entry_was_written_with ... ok
test store::tests::an_absent_store_is_an_empty_plan_rather_than_a_failure ... ok
test store::tests::a_document_is_filed_under_its_namespace ... ok
test frontmatter::tests::both_written_forms_of_a_reference_read_and_only_the_mapping_is_written_back ... ok
test store::tests::a_file_whose_stem_is_not_its_name_is_reported_with_where_it_belongs ... ok
test frontmatter::tests::without_transitions_the_rendering_is_the_serialize_rendering ... ok
test store::tests::updating_a_document_that_is_not_there_is_refused ... ok
test store::tests::a_file_in_the_wrong_directory_is_reported_rather_than_re_derived ... ok
test store::tests::the_graph_refuses_an_edge_pointing_at_nothing ... ok
test store::tests::two_files_claiming_one_id_are_both_named ... ok
test store::tests::every_broken_file_is_reported_with_its_path ... ok
test store::tests::an_update_writes_where_the_document_was_read_from ... ok
test store::tests::a_directory_named_by_an_alias_of_the_kind_is_accepted ... ok
test store::tests::a_clean_store_becomes_a_graph_whose_artifacts_are_located_at_their_files ... ok
test store::tests::creating_over_an_existing_document_is_refused ... ok
test document::tests::a_terminal_status_says_so_rather_than_listing_nothing ... ok
test document::tests::an_illegal_move_names_every_legal_target ... ok
test document::tests::an_unknown_key_is_still_there_after_a_status_move ... ok
test document::tests::a_kind_with_no_lifecycle_anywhere_may_move_freely ... ok
test findings::tests::every_character_a_message_can_hold_reads_back_unchanged_from_a_rendered_block ... ok
test chain::tests::an_append_refuses_while_another_writer_holds_the_lock ... ok

test result: ok. 110 passed; 0 failed; 0 ignored; 0 measured; 0 filtered out; finished in 1.03s

     Running tests/assembly.rs (target/debug/deps/assembly-fff46db864142ca7)

running 12 tests
test a_broken_file_is_reported_against_the_member_that_holds_it ... ok
test a_relation_into_another_member_resolves_and_says_which_member ... ok
test one_name_in_two_members_is_two_artifacts_and_an_unqualified_reference_to_it_is_refused ... ok
test a_crossing_into_a_member_nobody_checked_out_is_reported_and_not_an_error ... ok
test a_member_whose_store_is_not_there_reads_as_empty_rather_than_failing ... ok
test a_relation_that_stays_inside_its_member_is_not_a_crossing ... ok
test a_relation_qualified_with_its_own_member_name_is_not_a_crossing_either ... ok
test a_cycle_inside_one_member_is_found_through_the_assembly_too ... ok
test a_reference_into_a_member_that_does_not_hold_it_finds_nothing_rather_than_the_other_member ... ok
test an_artifact_keeps_the_member_it_came_from ... ok
test an_unresolved_crossing_contributes_no_edge_and_so_no_cycle ... ok
test a_cycle_that_only_exists_once_two_members_are_read_together_is_found ... ok

test result: ok. 12 passed; 0 failed; 0 ignored; 0 measured; 0 filtered out; finished in 0.00s

     Running tests/conformance.rs (target/debug/deps/conformance-c2977cc5eeb064df)

running 11 tests
test the_scan_sees_a_write_it_should_refuse ... ok
test a_status_off_the_ladder_is_refused_however_it_arrives ... ok
test the_only_write_path_out_of_this_crate_is_a_command ... ok
test an_entity_this_store_is_not_addressed_for_gets_no_invented_file ... ok
test the_markdown_store_conforms ... ok
test the_suites_run_are_the_sixteen_and_not_a_subset ... ok
test a_created_entity_becomes_a_document_this_store_holds ... ok
test a_relation_command_becomes_an_edge_in_the_frontmatter ... ok
test a_command_that_moves_a_story_survives_a_reopen ... ok
test a_command_can_carry_the_document_prose_and_absence_leaves_it_alone ... ok
test the_suites_that_pass_here_catch_a_backend_that_is_wrong ... ok

test result: ok. 11 passed; 0 failed; 0 ignored; 0 measured; 0 filtered out; finished in 0.13s

     Running tests/entity_runtime_equivalence.rs (target/debug/deps/entity_runtime_equivalence-efe5f36b1755a075)

running 6 tests
test the_pinned_copy_is_the_bytes_this_pin_records ... ok
test every_ladder_we_ship_has_a_definition_there_except_the_ones_named_here ... ok
test each_definition_is_named_for_the_kind_whose_ladder_it_maps ... ok
test each_definition_declares_exactly_the_states_our_transitions_map_declares ... ok
test each_definition_starts_where_our_ladder_starts ... ok
test each_definition_yields_exactly_the_edges_our_transitions_map_yields ... ok

test result: ok. 6 passed; 0 failed; 0 ignored; 0 measured; 0 filtered out; finished in 0.02s

     Running tests/evidence.rs (target/debug/deps/evidence-55931dea60eace51)

running 13 tests
test a_sent_claim_cannot_be_unsent_and_a_wrong_one_only_moves_forward ... ok
test a_slipped_obligation_can_still_be_met_and_met_is_the_end ... ok
test the_shipped_ladders_cost_what_this_repository_thinks_they_cost ... ok
test nothing_a_ladder_can_declare_lets_an_obligation_block_a_commit ... ok
test no_instant_supplied_is_unobservable_and_names_the_argument ... ok
test evidence_does_not_buy_a_move_the_ladder_does_not_declare ... ok
test a_requirement_guards_only_the_rung_it_is_declared_on ... ok
test an_unreadable_instant_is_unobservable_rather_than_a_date_that_has_not_passed ... ok
test a_ladder_that_requires_nothing_behaves_exactly_as_it_did ... ok
test a_dated_rung_opens_when_the_date_the_artifact_records_has_passed ... ok
test a_specification_reaches_conforming_only_on_a_report_that_a_suite_actually_ran ... ok
test an_artifact_with_no_such_date_cannot_pass_a_dated_rung ... ok
test a_guarded_rung_tells_nobody_looked_from_it_does_not_hold ... ok

test result: ok. 13 passed; 0 failed; 0 ignored; 0 measured; 0 filtered out; finished in 0.03s

     Running tests/evidence_horizons_corpus.rs (target/debug/deps/evidence_horizons_corpus-8009bd706e0c61e6)

running 13 tests
test an_annotation_dated_after_the_reference_date_is_refused_rather_than_recorded ... ok
test the_near_miss_token_is_still_a_record_and_carries_the_flag ... ok
test a_hyphen_separator_is_neither_a_record_nor_a_raw_occurrence ... ok
test the_two_traps_classify_ok_and_nothing_is_invented ... ok
test every_annotation_in_the_corpus_is_found ... ok
test a_malformed_record_refuses_to_normalise ... ok
test no_record_swallowed_a_neighbouring_annotation ... ok
test every_well_formed_record_survives_a_round_trip ... ok
test every_file_reports_full_coverage_of_its_own_raw_count ... ok
test a_horizon_that_grew_while_its_observation_date_stood_still_is_reported ... ok
test the_positions_the_reference_is_blind_to_are_found ... ok
test every_record_the_reference_also_finds_agrees_with_expected_json ... ok
test a_backticked_annotation_after_prose_is_found_and_a_fenced_one_is_not ... ok

test result: ok. 13 passed; 0 failed; 0 ignored; 0 measured; 0 filtered out; finished in 0.01s

     Running tests/findings_adversary.rs (target/debug/deps/findings_adversary-a53e1564734f360d)

running 9 tests
test a_findings_fence_quoted_inside_a_longer_fence_does_not_open_a_block ... ok
test a_refusal_for_a_control_character_carries_one_coordinate_and_quotes_the_offending_line ... ok
test a_vocabulary_refusal_in_json_input_is_positioned_at_the_line_a_serializer_escaped ... ok
test the_findings_a_review_states_are_not_the_example_its_prose_quotes ... ok
test the_json_block_cli_md_documents_is_read ... ok
test a_json_block_holding_a_surrogate_pair_escape_is_read_as_the_character_it_spells ... ok
test a_json_block_holding_an_escaped_solidus_is_read ... ok
test a_json_block_indented_with_tabs_is_read ... ok
test every_message_parse_json_accepts_reads_back_unchanged_from_the_block_render_block_writes ... ok

test result: ok. 9 passed; 0 failed; 0 ignored; 0 measured; 0 filtered out; finished in 0.00s

     Running tests/git_layout.rs (target/debug/deps/git_layout-40a1792165e6bc72)

running 6 tests
test writing_the_same_evidence_twice_is_a_no_op_and_a_different_file_is_refused ... ok
test an_interrupted_batch_is_completed_once_and_its_transition_is_not_doubled ... ok
test a_move_writes_only_its_document_and_appends_one_transition ... ok
test recording_evidence_writes_one_evidence_file_and_it_is_counted ... ok
test the_git_layout_keeps_no_event_log ... ok
test three_moves_give_three_transitions_and_three_moved_entries_in_history ... ok

test result: ok. 6 passed; 0 failed; 0 ignored; 0 measured; 0 filtered out; finished in 0.12s

     Running tests/history.rs (target/debug/deps/history-a6b5cf9b652ea1cc)

running 2 tests
test a_document_that_predates_the_provider_still_has_the_history_it_had ... ok
test a_second_process_answers_the_history_the_first_wrote ... ok

test result: ok. 2 passed; 0 failed; 0 ignored; 0 measured; 0 filtered out; finished in 0.06s

     Running tests/journal.rs (target/debug/deps/journal-4ec6fa3b1ee65e61)

running 10 tests
test provenance_totals_without_losing_where_each_part_came_from ... ok
test an_artifact_with_no_journal_entries_at_all_is_not_drift ... ok
test a_move_written_before_provenance_existed_claims_nothing ... ok
test an_entry_naming_an_artifact_this_store_does_not_hold_is_drift ... ok
test evidence_counts_only_for_the_artifact_it_names ... ok
test a_status_the_journal_does_not_account_for_is_drift ... ok
test one_unreadable_line_does_not_cost_the_history ... ok
test a_status_is_checked_even_when_the_newest_entry_says_nothing_about_it ... ok
test a_move_made_by_a_driven_session_is_journalled_as_the_agents_and_not_the_operators ... ok
test every_change_round_trips ... ok

test result: ok. 10 passed; 0 failed; 0 ignored; 0 measured; 0 filtered out; finished in 0.09s

     Running tests/kernel_equivalence.rs (target/debug/deps/kernel_equivalence-c031dabb78cd16bd)

running 5 tests
test every_ladder_this_repository_ships_is_named_by_the_fixture ... ok
test the_ladders_refuse_most_moves_so_agreement_is_not_vacuous ... ok
test a_custom_kind_is_governed_by_the_ladder_its_lineage_reaches ... ok
test the_permissive_fallback_still_permits_every_move ... ok
test the_kernel_and_the_ladder_agree_on_every_move_of_every_kind_either_store_holds ... ok

test result: ok. 5 passed; 0 failed; 0 ignored; 0 measured; 0 filtered out; finished in 0.42s

     Running tests/provider.rs (target/debug/deps/provider-f6bd4627c23d0704)

running 9 tests
test a_document_a_person_wrote_by_hand_loads_with_an_empty_log ... ok
test a_refused_commit_changes_neither_the_document_nor_the_journal ... ok
test a_torn_write_leaves_the_document_ahead_of_its_log_and_says_so ... ok
test a_commit_leaves_no_temporary_behind ... ok
test the_markdown_provider_commits_atomic_batches ... ok
test a_pending_batch_is_completed_before_a_read ... ok
test the_markdown_provider_conforms ... ok
test this_repositorys_own_store_loads_and_every_document_round_trips_byte_for_byte ... ok
test a_broken_copy_of_the_provider_is_caught ... ok

test result: ok. 9 passed; 0 failed; 0 ignored; 0 measured; 0 filtered out; finished in 0.37s

     Running unittests src/lib.rs (target/debug/deps/aep_backend_memory-94c7083c5315a1d5)

running 9 tests
test seed::tests::an_identifier_is_derived_from_the_artifact_id_and_stays_addressable ... ok
test command::tests::neither_an_accepted_nor_a_refused_command_copies_the_store ... ok
test seed::tests::a_relation_to_an_artifact_declared_later_still_resolves ... ok
test seed::tests::every_artifact_becomes_an_entity_of_its_kinds_type ... ok
test seed::tests::tags_travel_with_the_artifact ... ok
test seed::tests::seeding_twice_replays_rather_than_duplicating ... ok
test command::tests::a_refusal_after_a_mutation_is_undone_completely ... ok
test seed::tests::a_relation_target_the_manifest_does_not_declare_is_reported ... ok
test seed::linearity::seeding_does_not_copy_the_store_per_command ... ok

test result: ok. 9 passed; 0 failed; 0 ignored; 0 measured; 0 filtered out; finished in 0.03s

     Running tests/failure_atomicity.rs (target/debug/deps/failure_atomicity-a25f69013577374f)

running 1 test
test accepting_an_adr_with_a_missing_superseded_target_changes_only_the_rejection_audit ... ok

test result: ok. 1 passed; 0 failed; 0 ignored; 0 measured; 0 filtered out; finished in 0.00s

     Running tests/scenario.rs (target/debug/deps/scenario-c706299a0e163a43)

running 7 tests
test a_type_can_be_described_without_hard_coding_it ... ok
test a_read_demanding_an_unknown_write_is_refused_rather_than_silently_satisfied ... ok
test reusing_an_idempotency_key_for_a_different_command_is_refused ... ok
test nothing_is_ever_deleted ... ok
test a_locator_resolves_to_identity_and_is_unique ... ok
test retiring_a_review_result_is_a_transition_and_not_the_edit_its_immutability_forbids ... ok
test the_reference_scenario ... ok

test result: ok. 7 passed; 0 failed; 0 ignored; 0 measured; 0 filtered out; finished in 0.00s

     Running unittests src/lib.rs (target/debug/deps/aep_backend_postgres-616792a6a54b3edc)

running 0 tests

test result: ok. 0 passed; 0 failed; 0 ignored; 0 measured; 0 filtered out; finished in 0.00s

     Running tests/conformance.rs (target/debug/deps/conformance-ae6b3c610dc1f989)

running 3 tests
test each_session_command_reads_only_its_dependencies_and_replay_intent ... ok
test the_postgres_backend_conforms_and_the_suites_catch_a_faulty_one ... ok
test two_processes_writing_one_artifact_resolve_to_one_accepted_and_one_refusal_naming_the_revision ... ok

test result: ok. 3 passed; 0 failed; 0 ignored; 0 measured; 0 filtered out; finished in 0.00s

     Running unittests src/lib.rs (target/debug/deps/aep_backend_sqlite-083f6ffbf34a2e18)

running 0 tests

test result: ok. 0 passed; 0 failed; 0 ignored; 0 measured; 0 filtered out; finished in 0.00s

     Running tests/conformance.rs (target/debug/deps/conformance-58d7b85f703725e4)

running 3 tests
test the_newtype_forwards_the_whole_contract ... ok
test what_the_contract_accepted_is_in_the_database ... ok
test a_second_run_reads_the_first_back_and_continues_past_it ... ok

test result: ok. 3 passed; 0 failed; 0 ignored; 0 measured; 0 filtered out; finished in 0.32s

     Running unittests src/lib.rs (target/debug/deps/aep_cli-85c2766773bba80c)

running 163 tests
test doctor::tests::a_slugged_or_prefixed_tag_is_not_a_bare_version_and_cannot_win ... ok
test contract::tests::a_count_stated_as_null_is_refused_by_the_name_of_the_count ... ok
test doctor::tests::a_plugin_directory_without_a_manifest_fails_naming_both_manifests_it_looked_for ... ok
test drive::tests::a_command_step_naming_this_cli_is_resolved_to_the_binary_this_process_is ... ok
test contract::tests::a_lone_hyphen_is_the_pipe_and_everything_else_is_a_file ... ok
test cli_reference::a_verb_the_reference_does_not_spell_is_reported_by_name ... ok
test contract::tests::a_count_the_record_never_states_is_refused_rather_than_defaulted_to_zero ... ok
test drive::tests::a_metacharacter_inside_quotes_is_an_argument_and_outside_them_it_composes ... ok
test drive::tests::a_failing_command_mints_a_record_that_says_so_and_a_failed_diff_mints_nothing ... ok
test contract::tests::the_provenance_digest_describes_the_bytes_the_runner_printed ... ok
test doctor::tests::a_snapshot_path_is_addressed_by_repository_and_revision_together ... ok
test drive::tests::an_llm_sessions_launch_declares_the_run_as_its_actor_and_that_actor_cannot_approve_the_run ... ok
test drive::tests::the_write_scope_words_are_the_ones_the_step_map_is_written_in ... ok
test eval::native_arm_tests::a_native_run_is_refused_a_spawn_and_told_what_does_launch_it ... ok
test contract::tests::the_providers_own_bytes_are_the_payload_this_repository_defines ... ok
test eval::native_arm_tests::the_arms_still_sort_in_the_order_the_experiment_runs_them ... ok
test contract::tests::a_failing_contract_run_is_read_rather_than_refused ... ok
test contract::tests::a_record_claiming_more_breaking_changes_than_failures_is_refused ... ok
test contract::tests::a_record_that_checked_nothing_is_refused_with_the_reason_named ... ok
test contract::tests::a_record_of_another_kind_is_refused_by_the_kind_it_states ... ok
test contract::tests::a_record_whose_failures_are_all_breaking_is_accepted ... ok
test eval::native_arm_tests::the_fourth_arm_is_a_word_the_manifest_reads_and_writes ... ok
test eval::native_arm_tests::every_arm_has_a_code_of_its_own_and_none_is_reused ... ok
test drive::tests::an_approver_is_parsed_as_an_actor_and_needs_a_run_that_can_stop ... ok
test eval::tests::a_manifest_that_describes_another_run_than_its_record_is_refused ... ok
test drive::tests::a_flag_a_refusal_names_is_a_flag_a_drive_verb_parses ... ok
test eval::tests::a_digest_that_is_not_a_digest_is_refused ... ok
test eval::tests::a_marketplace_plugin_on_arm_raw_is_refused_for_the_reason_a_digest_is ... ok
test eval::tests::a_document_that_does_not_claim_the_format_is_refused_before_its_fields_are_believed ... ok
test eval::tests::a_case_whose_subject_names_the_ess_skill_says_it_needs_ess ... ok
test command_tree::the_first_level_is_the_four_areas_and_doctor ... ok
test command_tree::every_flat_spelling_the_last_release_answered_still_resolves_and_is_hidden ... ok
test eval::tests::a_marketplace_plugin_is_a_treatment_and_a_run_with_one_needs_no_directory_digest ... ok
test command_tree::every_verb_an_area_groups_is_also_a_top_level_alias_for_the_same_subtree ... ok
test eval::tests::a_marketplace_plugin_whose_digest_is_not_one_is_refused_by_the_field_that_is_wrong ... ok
test drive::tests::the_task_placeholder_is_the_document_this_run_was_started_from ... ok
test eval::tests::a_missing_field_is_refused_by_its_own_name_and_every_other_refusal_is_reported_beside_it ... ok
test eval::tests::a_cells_resource_total_says_how_many_runs_it_covers ... ok
test eval::tests::a_model_that_is_written_and_empty_is_refused_rather_than_read_as_unstated ... ok
test eval::tests::a_null_plugin_digest_on_arm_plugin_is_refused_because_the_plugin_is_the_subject ... ok
test eval::tests::a_stated_cost_this_reader_cannot_convert_is_refused_rather_than_read_as_no_cost ... ok
test eval::tests::a_person_typing_an_amount_is_still_held_to_an_exact_one ... ok
test cli_reference::every_verb_the_cli_answers_has_an_entry_in_the_reference ... ok
test eval::tests::a_usage_key_written_null_contributes_nothing_and_does_not_erase_the_total ... ok
test drive::tests::a_record_that_is_missing_or_does_not_read_submits_nothing_and_says_why ... ok
test eval::tests::an_amount_this_reader_cannot_convert_exactly_is_refused_rather_than_rounded ... ok
test eval::tests::an_amount_becomes_millionths_by_integer_arithmetic_and_never_by_a_float ... ok
test eval::tests::an_arm_this_evaluation_does_not_have_is_refused_by_name ... ok
test eval::tests::a_table_holding_a_native_cell_says_how_to_read_it_and_one_without_stays_silent ... ok
test eval::tests::an_omitted_plugin_digest_is_refused_and_an_explicit_null_is_not ... ok
test eval::tests::arm_driven_may_answer_either_way_because_the_enforcer_is_not_the_plugin ... ok
test eval::tests::a_plugin_digest_on_arm_raw_is_refused_because_arm_raw_is_the_arm_without_one ... ok
test drive::tests::a_person_the_system_a_service_and_the_run_itself_are_refused_as_approvers_before_the_run ... ok
test drive::tests::a_driver_that_cannot_name_itself_refuses_a_map_whose_commands_say_protocol ... ok
test eval::tests::arm_plugin_that_names_neither_mechanism_is_still_refused ... ok
test eval::tests::the_arms_sort_in_the_order_the_experiment_runs_them ... ok
test eval::tests::one_specification_at_two_digests_is_refused_because_the_rows_share_a_name_only ... ok
test drive::tests::a_record_a_verifier_wrote_is_submitted_as_that_verifiers_and_never_minted_here ... ok
test drive::tests::an_approval_read_out_of_a_file_is_refused_however_well_formed_it_is ... ok
test eval::tests::the_terminal_events_cost_is_read_from_its_own_decimal_text ... ok
test eval::tests::the_arms_the_refusal_lists_are_every_arm_the_type_has ... ok
test eval::tests::the_honest_manifest_is_read_so_every_mutation_below_reaches_its_rule ... ok
test eval::tests::the_manifest_the_runner_assembles_is_one_the_matrixs_own_reader_reads ... ok
test eval::tests::both_spellings_of_the_ess_plugin_trip_the_preflight ... ok
test evidence_doc::tests::text_renders_the_document_rather_than_a_summary_of_it ... ok
test eval::tests::one_transcript_cannot_arrive_twice_because_one_run_would_be_counted_twice ... ok
test evidence_doc::tests::the_producer_is_a_verifier_and_no_argument_can_change_it ... ok
test evidence_doc::tests::what_is_written_is_what_the_evidence_reader_parses ... ok
test eval::tests::one_session_that_wrote_two_terminal_records_is_charged_once ... ok
test money::tests::typed_dollar_amounts_are_exact_or_refused ... ok
test flow::tests::a_map_pinned_to_another_version_is_refused_in_the_words_the_driver_refuses_it_in ... ok
test planning::tests::a_declared_actor_is_who_the_write_is_from_and_an_undeclared_one_is_the_logged_in_person ... ok
test planning::tests::a_malformed_declared_actor_is_refused_naming_the_variable_and_never_defaulted ... ok
test planning::tests::an_edge_argument_splits_at_the_first_colon_only ... ok
test eval::tests::no_rendering_of_a_matrix_contains_a_score ... ok
test flow::tests::a_projection_without_a_map_is_the_document_it_always_was ... ok
test flow::tests::a_bound_the_caller_names_is_the_bound_that_is_written ... ok
test flow::tests::the_document_says_what_it_dropped_rather_than_dropping_it_quietly ... ok
test flow::tests::every_state_that_runs_lands_somewhere_and_the_terminals_do_not ... ok
test flow::tests::what_this_verb_emits_is_a_document_the_harness_plans ... ok
test flow::tests::a_state_the_map_is_silent_about_keeps_the_payload_it_always_had ... ok
test flow::tests::the_three_retreats_become_one_repeating_group_because_they_span_one_stretch ... ok
test flow::tests::the_header_names_the_map_and_the_workflow_it_is_pinned_to ... ok
test flow::tests::without_a_map_a_node_says_which_state_it_is_and_nothing_more ... ok
test property::tests::a_law_that_does_not_hold_is_named_with_the_assignment_that_broke_it ... ok
test property::tests::the_record_names_the_property_the_case_count_and_a_verifier_that_is_not_the_agent ... ok
test planning_writer_fence::tests::a_paused_writer_excludes_a_peer_until_release ... ok
test planning_writer_fence::tests::explicit_writer_excludes_project_and_failed_acquisition_releases_project_lock ... ok
test planning_writer_fence::tests::project_writer_excludes_explicit_store_without_blocking_another_store ... ok
test planning::waves::tests::a_collision_with_one_inferred_side_is_marked_inferred ... ok
test planning::waves::tests::a_cycle_is_reported_once_from_its_lowest_id_and_nothing_is_placed ... ok
test property::tests::the_run_is_exhaustive_over_the_whole_space_rather_than_a_sample_of_it ... ok
test planning::waves::tests::a_collision_moves_a_story_to_the_first_wave_with_room_and_not_to_the_end ... ok
test redaction::tests::a_user_name_is_replaced_as_a_word_and_never_inside_another_one ... ok
test planning::waves::tests::a_dependency_on_something_outside_the_selection_does_not_hold_a_story_back ... ok
test redaction::tests::redaction_is_idempotent_so_a_stream_can_be_cleaned_twice ... ok
test render::tests::every_driver_status_has_a_rendering_status_and_none_of_them_is_unknown ... ok
test redaction::tests::redaction_removes_both_spellings_of_the_home_and_then_the_name ... ok
test planning::waves::tests::a_dependency_through_an_unassessed_story_still_orders_the_two_that_are_placed ... ok
test render::tests::a_watch_stops_at_a_completed_run_and_keeps_looking_at_a_blocked_one ... ok
test redaction::tests::a_git_author_is_removed_where_the_user_name_would_not_have_been ... ok
test redaction::tests::an_operator_named_user_does_not_make_the_placeholder_match_itself ... ok
test reverse::tests::a_marker_has_to_stand_on_its_own ... ok
test flow::tests::a_state_with_one_llm_step_carries_the_prompt_the_scope_and_the_harness ... ok
test flow::tests::the_scope_of_a_step_is_written_in_the_order_the_map_wrote_it ... ok
test flow::tests::every_state_is_a_section_so_a_governor_asked_at_every_section_is_asked_at_every_state ... ok
test reverse::tests::a_call_shaped_marker_is_bounded_only_at_its_front ... ok
test reverse::tests::a_timestamp_becomes_the_day_it_names ... ok
test reverse::tests::a_tracker_key_may_carry_digits_but_a_standard_is_not_a_ticket ... ok
test reverse::tests::every_listed_extension_is_findable ... ok
test reverse::tests::a_wire_name_is_kebab_case ... ok
test reverse::tests::the_language_table_is_sorted ... ok
test reverse::tests::truncation_cuts_on_a_character_boundary ... ok
test flow::tests::a_state_with_several_steps_becomes_a_group_chained_in_the_order_the_map_wrote_them ... ok
test serve::api::tests::a_path_this_server_does_not_answer_is_a_not_found_rather_than_a_guess ... ok
test serve::api::tests::a_write_from_another_origin_is_refused ... ok
test serve::api::tests::a_transition_is_refused_by_name_when_the_server_is_read_only ... ok
test serve::api::tests::a_host_this_server_does_not_answer_to_is_refused ... ok
test serve::api::tests::the_page_is_served_at_the_root_and_carries_no_remote_reference ... ok
test serve::http::tests::a_body_is_read_to_its_stated_length_and_no_further ... ok
test reverse::relations::tests::a_composition_that_states_one_shape_is_read_as_that_shape ... ok
test reverse::relations::tests::a_composition_that_states_two_shapes_leaves_cardinality_unmapped ... ok
test reverse::relations::tests::an_array_of_that_ref_references_many_of_it ... ok
test serve::http::tests::a_chunked_body_is_refused_with_the_header_that_would_have_worked ... ok
test serve::http::tests::a_query_string_is_parsed_and_percent_decoded ... ok
test reverse::relations::tests::no_signal_is_no_relation ... ok
test serve::http::tests::a_header_name_is_matched_however_the_client_spelled_it ... ok
test serve::http::tests::a_method_this_server_does_not_answer_is_refused_naming_the_two_it_does ... ok
test reverse::relations::tests::a_ref_to_a_schema_that_becomes_an_entity_references_one_of_it ... ok
test serve::http::tests::a_request_line_without_a_version_is_refused_rather_than_guessed ... ok
test serve::http::tests::a_version_this_server_does_not_speak_is_refused_by_name ... ok
test serve::tests::a_run_token_is_long_enough_to_be_worth_having_and_differs_between_runs ... ok
test specification::tests::a_quoted_filename_does_not_outrank_the_comparison_beside_it ... ok
test specification::tests::a_specification_that_states_no_requirement_does_not_satisfy_the_principle ... ok
test reverse::relations::tests::an_id_field_matching_an_entitys_identity_leaves_ownership_unmapped ... ok
test specification::tests::a_requirement_is_a_list_item_under_a_requirements_or_acceptance_heading ... ok
test specification::tests::a_requirement_is_unmet_unless_its_own_predicate_is_observed_true ... ok
test specification::tests::a_task_that_declares_no_story_is_matched_by_a_specification_of_the_task_itself ... ok
test serve::api::tests::a_request_without_the_run_token_is_refused_even_from_localhost ... ok
test specification::tests::the_predicate_is_the_span_that_parses_rather_than_the_first_one ... ok
test specification::tests::an_artifact_named_on_the_command_line_still_has_to_specify_this_task ... ok
test reverse::relations::tests::a_camel_case_id_field_is_read_the_same_way ... ok
test specification::tests::an_artifact_named_on_the_command_line_may_be_a_draft_of_this_tasks_work ... ok
test serve::http::tests::a_body_longer_than_the_cap_is_refused_before_it_is_allocated ... ok
test specification::tests::a_requirement_whose_spans_are_all_prose_names_what_was_tried ... ok
test specification::tests::a_requirement_wrapped_over_two_lines_is_one_requirement ... ok
test redaction::tests::a_common_one_word_git_name_is_left_alone_rather_than_corrupting_the_stream ... ok
test serve::api::tests::a_served_mutation_uses_the_shared_new_build_writer_fence ... ok
test specification::tests::another_storys_approved_specification_is_not_this_tasks ... ok
test specification::tests::a_run_that_has_observed_nothing_satisfies_no_requirement ... ok
test specification::tests::only_a_specification_in_force_is_one_a_task_may_be_implemented_against ... ok
test redaction::tests::an_operator_with_nothing_to_remove_leaves_the_stream_byte_identical ... ok
test specification::tests::with_no_task_in_reach_the_stores_one_in_force_specification_is_still_decided ... ok
test specification::tests::the_specification_decided_is_the_one_that_specifies_this_tasks_work ... ok
test specification::tests::two_specifications_of_this_tasks_work_are_refused_and_both_are_named ... ok
test flow::tests::a_command_step_carries_its_argv_and_the_evidence_running_it_establishes ... ok
test specification::tests::the_rule_this_verb_selects_by_is_the_one_the_shipped_principles_declare ... ok
test reverse::relations::tests::a_schema_whose_properties_are_all_scalars_has_no_relations ... ok
test store_command::migrate_git::tests::an_explicit_markdown_store_key_is_replaced_by_git ... ok
test store_command::migrate_git::tests::a_v1_selector_becomes_v5_keeping_every_other_key ... ok
test flow::tests::an_operator_step_carries_what_it_asks_and_a_state_of_one_step_is_a_section_of_one ... ok
test flow::tests::a_projection_with_a_map_is_still_a_document_the_harness_plans ... ok
test command_tree::every_leaf_is_reachable_by_its_grouped_path_and_by_its_flat_spelling ... ok

test result: ok. 163 passed; 0 failed; 0 ignored; 0 measured; 0 filtered out; finished in 0.25s

     Running unittests src/aep.rs (target/debug/deps/aep-8dca18af5020570d)

running 0 tests

test result: ok. 0 passed; 0 failed; 0 ignored; 0 measured; 0 filtered out; finished in 0.00s

     Running unittests src/protocol.rs (target/debug/deps/protocol-a48c962284854a09)

running 0 tests

test result: ok. 0 passed; 0 failed; 0 ignored; 0 measured; 0 filtered out; finished in 0.00s

     Running tests/cli.rs (target/debug/deps/cli-54018e8ae38148f5)

running 39 tests
test an_evidence_document_without_an_observation_time_is_refused_by_name ... ok
test a_repository_with_no_workspace_file_is_not_an_error ... ok
test a_scan_that_is_blind_to_an_annotation_fails_strict_and_says_which_file ... ok
test conformance_fails_when_a_property_is_deliberately_broken ... ok
test conformance_runs_the_suites_against_the_reference_backend ... ok
test conformance_rejects_an_unknown_level_or_fault ... ok
test conformance_refuses_a_store_for_the_backend_that_keeps_nothing ... ok
test inspect_accepts_a_record_observed_on_the_reference_date_itself ... ok
test a_workspace_member_nobody_checked_out_is_reported_rather_than_fatal ... ok
test a_workspace_list_names_the_member_every_artifact_came_from ... ok
test an_expired_claim_fails_only_the_flag_that_exists_to_judge_it ... ok
test outside_a_project_the_missing_task_is_explained ... ok
test inspect_refuses_an_observation_that_has_not_happened_yet ... ok
test inspect_admits_a_date_that_is_today_at_utc_plus_fourteen_and_refuses_one_nowhere_yet ... ok
test a_reference_two_members_both_hold_is_refused_with_both_spellings ... ok
test inspect_reports_when_each_submitted_record_was_observed ... ok
test output_survives_a_reader_that_stops_reading ... ok
test the_corpus_case_admits_two_spellings_and_refuses_the_two_it_names ... ok
test the_scan_finds_every_annotation_the_corpus_holds_and_says_so_in_one_line ... ok
test validate_reports_a_broken_document_with_its_path_and_fails ... ok
test evaluate_reports_the_state_and_why_a_transition_is_blocked ... ok
test evaluate_and_inspect_answer_identically_about_one_file ... ok
test a_document_whose_every_record_is_future_dated_still_fails ... ok
test evaluate_advances_with_the_examples_evidence ... ok
test resolve_fails_when_the_task_names_a_profile_that_does_not_exist ... ok
test explain_allows_what_the_profile_grants ... ok
test one_future_record_refuses_itself_by_position_and_the_document_is_still_evaluated ... ok
test validate_checks_an_artifact_manifest_against_the_lifecycles ... ok
test schema_lists_and_prints_generated_schemas ... ok
test an_unparseable_workspace_file_is_refused_naming_the_file_and_the_reason ... ok
test explain_refuses_a_production_change_and_names_the_rule ... ok
test json_output_is_machine_readable ... ok
test evaluate_reads_every_evidence_file_in_the_example ... ok
test resolve_prints_the_plan ... ok
test validate_accepts_the_repositorys_own_documents ... ok
test inspect_lists_documents_and_shows_one ... ok
test workflow_flow_makes_every_state_a_section ... ok
test a_project_is_discovered_so_no_arguments_are_needed ... ok
test conformance_runs_against_the_backend_the_caller_names_and_the_report_says_which ... ok

test result: ok. 39 passed; 0 failed; 0 ignored; 0 measured; 0 filtered out; finished in 0.47s

     Running tests/command_equivalence.rs (target/debug/deps/command_equivalence-023111b16f78ba08)

running 12 tests
test the_canonical_command_and_alias_match_on_an_accepted_operation ... ok
test the_canonical_command_and_alias_match_on_a_usage_error ... ok
test the_canonical_command_and_alias_match_on_the_first_level_help ... ok
test the_canonical_command_and_alias_match_on_a_domain_refusal ... ok
test the_canonical_command_and_alias_match_on_a_domain_refusal_at_the_grouped_spelling ... ok
test the_canonical_command_and_alias_match_on_a_usage_error_under_a_flat_spelling ... ok
test the_canonical_command_and_alias_match_on_a_usage_error_inside_an_area ... ok
test the_canonical_command_and_alias_match_on_a_preflight_rendered_as_json ... ok
test the_canonical_command_and_alias_match_on_a_preflight_that_reports_failures ... ok
test the_canonical_command_and_alias_both_identify_as_aep ... ok
test the_canonical_command_and_alias_match_on_an_accepted_operation_at_both_spellings ... ok
test the_canonical_command_and_alias_match_on_unrelate_at_both_spellings ... ok

test result: ok. 12 passed; 0 failed; 0 ignored; 0 measured; 0 filtered out; finished in 1.21s

     Running tests/count_reader_pass1.rs (target/debug/deps/count_reader_pass1-edbeb9808d3ec46b)

running 3 tests
test typed_batch_preserves_crlf_and_unicode_bytes_and_refuses_either_bad_position ... ok
test actual_inspect_aliases_keep_full_u64_and_refuse_malformed_batch_without_partial_output ... ok
test exact_high_time_horizon_restore_and_changed_source_refusals_preserve_execution ... ok

test result: ok. 3 passed; 0 failed; 0 ignored; 0 measured; 0 filtered out; finished in 0.15s

     Running tests/describe_type.rs (target/debug/deps/describe_type-11e21e247692dcc8)

running 2 tests
test every_backend_reports_the_same_ladder_for_every_planning_kind ... ok
test the_descriptor_edges_are_what_protocol_artifact_lifecycle_prints ... ok

test result: ok. 2 passed; 0 failed; 0 ignored; 0 measured; 0 filtered out; finished in 1.04s

     Running tests/doctor_cli.rs (target/debug/deps/doctor_cli-2a18b3551cfd2798)

running 11 tests
test a_root_that_is_not_a_git_checkout_warns_rather_than_failing ... ok
test the_environment_supplies_a_plugin_directory_only_when_the_command_line_named_none ... ok
test a_protocol_source_path_that_is_not_there_fails_naming_where_it_resolved_to ... ok
test the_json_rendering_carries_the_same_codes_and_verdicts_as_the_text_one ... ok
test the_binary_version_line_agrees_with_what_the_version_flag_prints ... ok
test two_runs_over_one_tree_print_identical_bytes ... ok
test a_pinned_protocol_source_warns_until_its_snapshot_is_cached_and_never_fetches_it ... ok
test a_project_file_that_is_absent_or_unparseable_fails_naming_the_file_and_the_defect ... ok
test a_plugin_directory_without_a_manifest_fails_and_no_directory_at_all_only_warns ... ok
test a_planning_store_that_is_absent_or_invalid_fails_with_the_finding_artifact_validate_reports ... ok
test a_newest_release_tag_that_disagrees_with_the_binary_is_named_and_does_not_fail ... ok

test result: ok. 11 passed; 0 failed; 0 ignored; 0 measured; 0 filtered out; finished in 0.04s

     Running tests/drift.rs (target/debug/deps/drift-4c6fcd975553a371)

running 6 tests
test a_forged_revision_on_a_document_with_no_events_is_still_only_a_document_predating_the_log ... ok
test a_document_removed_with_rm_is_reported_as_deleted ... ok
test a_revision_no_write_produced_is_reported_as_forged_and_not_as_an_edit ... ok
test a_document_that_matches_its_log_is_not_drift_and_a_plan_before_the_log_is_not_either ... ok
test a_document_with_more_events_than_its_revision_is_not_forged ... ok
test a_document_edited_in_an_editor_is_drift_naming_the_field_and_the_event ... ok

test result: ok. 6 passed; 0 failed; 0 ignored; 0 measured; 0 filtered out; finished in 0.51s

     Running tests/drive_cli.rs (target/debug/deps/drive_cli-a60f6f334b651020)

running 42 tests
test a_holder_cursor_that_will_not_parse_is_a_refusal_and_never_a_crash ... ok
test a_pause_is_the_lock_released_and_the_pointer_kept ... ok
test a_refusal_names_what_the_holding_run_is_doing ... ok
test a_resume_that_stole_nothing_leaves_a_theft_already_in_the_record ... ok
test a_command_step_naming_another_program_is_resolved_as_written ... ok
test a_map_that_is_both_uncoverable_and_unspawnable_reports_the_defect_that_travels ... ok
test a_headless_start_refuses_what_only_a_person_can_answer_and_the_flag_is_the_route_through ... ok
test a_command_step_that_says_protocol_runs_the_build_that_is_driving_it ... ok
test a_driven_planning_mutation_observes_the_shared_writer_fence ... ok
test a_map_that_cannot_produce_demanded_evidence_is_refused_before_the_first_step ... ok
test a_blocked_run_prints_the_engine_reasons_without_rewording_them ... ok
test a_resume_gets_the_iterations_it_was_given_rather_than_what_the_run_has_left ... ok
test a_resume_expands_the_task_document_the_run_was_started_from ... ok
test a_second_driver_is_refused_by_name_and_writes_nothing ... ok
test a_relation_the_workspace_declares_does_not_stop_a_run_before_it_starts ... ok
test a_run_that_supersedes_a_lock_and_stops_without_a_step_still_records_the_theft ... ok
test a_run_that_took_nobodys_lock_writes_no_took_lock_from_key ... ok
test a_run_advances_on_command_step_evidence_and_ends_with_the_engine_speaking ... ok
test a_run_and_a_resume_that_stole_nothing_write_no_took_lock_from_key ... ok
test a_resume_against_another_live_runs_lock_is_refused_and_writes_nothing ... ok
test a_lock_naming_another_host_is_refused_at_the_binary_and_take_lock_does_not_pass_it ... ok
test a_resume_that_supersedes_a_lock_records_that_theft_over_an_earlier_one ... ok
test every_verb_can_be_asked_for_help ... ok
test a_holder_whose_cursor_cannot_be_read_is_refused_with_state_unknown ... ok
test adversary_a_run_that_failed_after_taking_the_lock_does_not_leave_it_behind ... ok
test adversary_a_refused_second_driver_leaves_the_tree_byte_for_byte_as_it_found_it ... ok
test adversary_the_refusal_names_the_host_beside_the_pid_rather_than_anywhere_in_the_output ... ok
test a_stolen_lock_is_in_the_taking_runs_cursor_and_status_prints_it ... ok
test a_command_step_binds_the_specification_verb_to_the_task_the_run_was_started_from ... ok
test a_second_project_aimed_at_one_store_holds_its_own_lock_and_is_not_refused ... ok
test two_maps_fit_the_workflow_so_the_driver_refuses_to_choose_and_names_both ... ok
test the_committed_step_map_loads_and_is_refused_when_a_state_is_renamed ... ok
test the_cargo_map_starts_a_feature_run_without_the_evidence_gap_flag ... ok
test a_run_stopped_by_its_iteration_bound_resumes_where_it_stopped ... ok
test the_checks_map_plans_against_the_repositorys_own_task ... ok
test status_reports_the_run_and_whether_the_lock_is_free ... ok
test adversary_a_second_run_of_one_task_allocates_a_new_directory_and_leaves_the_firsts_record_alone ... ok
test adversary_a_run_paused_for_a_person_released_the_lock_and_resumes ... ok
test a_run_of_one_task_is_not_numbered_by_the_current_pointer_of_another ... ok
test model_start_and_resume_refuse_without_changing_the_project ... ok
test the_resume_line_the_driver_prints_works_with_nothing_else_on_it ... ok
test adversary_a_run_directory_that_was_removed_is_not_handed_out_to_a_second_run ... ok

test result: ok. 42 passed; 0 failed; 0 ignored; 0 measured; 0 filtered out; finished in 0.73s

     Running tests/entity_cli.rs (target/debug/deps/entity_cli-c337fcb0533b83c7)

running 11 tests
test entity_history_shows_the_seeding_and_nothing_else ... ok
test describe_says_a_design_accepts_an_approval ... ok
test audit_rejected_is_empty_when_nothing_was_refused ... ok
test entity_list_narrows_to_one_type ... ok
test entity_get_by_locator_prints_the_design_the_manifest_declares ... ok
test entity_list_shows_one_line_per_artifact_in_the_manifest ... ok
test entity_relations_shows_what_the_design_designs ... ok
test entity_relations_incoming_answers_what_points_at_this ... ok
test audit_lists_the_commands_that_seeded_the_manifest ... ok
test json_output_is_machine_readable ... ok
test entity_get_by_an_unknown_locator_refuses_rather_than_printing_nothing ... ok

test result: ok. 11 passed; 0 failed; 0 ignored; 0 measured; 0 filtered out; finished in 0.02s

     Running tests/ess_conformance_coverage.rs (target/debug/deps/ess_conformance_coverage-92e0dc143d354432)

running 21 tests
test coverage_horizon_equality_and_no_implicit_ttl_share_requirement_evaluation ... ok
test coverage_requirement_diagnostics_name_the_separate_kind ... ok
test coverage_complete_record_matches_every_independent_qualification_input ... ok
test coverage_cli_inspection_admits_complete_original_input_and_exact_time ... ok
test coverage_unknown_refused_and_empty_are_descriptive_even_when_all_executed_cases_pass ... ok
test coverage_outside_refusal_qualifies_only_the_independently_selected_component ... ok
test coverage_typed_envelopes_preserve_legacy_observation_lexemes_but_require_exact_report_instants ... ok
test coverage_json_yaml_original_lineage_and_full_time_survive_both_reader_configuration ... ok
test coverage_terminal_failures_inconclusive_runs_and_separate_records_never_join_into_qualification ... ok
test adversary_coverage_actual_inspection_refuses_original_nested_duplicates_for_both_aliases ... ok
test adversary_pass2_current_named_model_controls_both_decisions_after_graph_refresh_and_replay ... ok
test coverage_qualification_requires_every_independent_identity_and_envelope_control ... ok
test coverage_both_decision_routes_and_replay_share_the_exact_record_with_atomic_refusals ... ok
test adversary_coverage_engine_re_admits_clones_and_preserves_both_reader_orders ... ok
test coverage_planning_pair_dispatch_refuses_before_store_and_aliases_are_identical ... ok
test coverage_opt_in_profile_composes_without_inheriting_count_requirements ... ok
test coverage_direct_record_without_reader_refuses_before_publishing_state ... ok
test coverage_actual_driver_reads_typed_record_and_re_admits_on_status_and_resume ... ok
test coverage_planning_wraps_exact_unfiltered_bytes_and_escapes_full_descriptive_diagnostics ... ok
test coverage_planning_admits_original_input_as_descriptive_history ... ok
test direct_return_planning_dispatches_raw_suite_and_carrier_to_the_coverage_reader ... ok

test result: ok. 21 passed; 0 failed; 0 ignored; 0 measured; 0 filtered out; finished in 1.83s

     Running tests/ess_conformance_v2.rs (target/debug/deps/ess_conformance_v2-b76880fa02e3e060)

running 14 tests
test horizon_boundary_and_independent_constraints_survive_typed_task_readback ... ok
test qualifier_checks_independent_subject_model_suite_selection_producer_and_time_reasons ... ok
test raw_wrong_kind_empty_and_terminal_records_keep_distinct_qualification_reasons ... ok
test envelope_forgery_alias_duplicates_and_rounded_times_cannot_admit ... ok
test cli_inspect_evaluate_aliases_and_pair_flag_refusals_use_the_actual_reader ... ok
test actual_policy_composes_and_valid_same_record_reaches_unknown_coverage ... ok
test current_reader_rechecks_cached_sources_on_submission_direct_record_and_restore ... ok
test refused_submission_and_restore_leave_nonempty_execution_unchanged ... ok
test cross_record_fact_overwrites_and_event_claims_never_repair_qualification ... ok
test real_driver_ingests_original_pair_and_re_admits_it_on_status_and_resume ... ok
test unrepresentable_planning_dates_refuse_before_opening_or_mutating_the_store ... ok
test core_without_reader_and_direct_record_without_time_refuse_even_cached_admission ... ok
test typed_json_yaml_full_u64_and_raw_snapshot_readback_re_admit_original_bytes ... ok
test real_planning_pair_preserves_full_u64_diagnostics_and_refusals_do_not_open_store ... ok

test result: ok. 14 passed; 0 failed; 0 ignored; 0 measured; 0 filtered out; finished in 2.18s

     Running tests/eval_corpus.rs (target/debug/deps/eval_corpus-3fc52e95edbfb50e)

running 5 tests
test the_two_development_cases_are_judged_by_one_document ... ok
test a_case_may_declare_what_it_is_about_and_a_typo_inside_it_is_refused ... ok
test every_case_is_three_files_and_says_what_it_is_about ... ok
test every_case_gates_on_something ... ok
test every_case_replays_to_the_verdict_it_declares ... ok

test result: ok. 5 passed; 0 failed; 0 ignored; 0 measured; 0 filtered out; finished in 0.93s

     Running tests/eval_dry_run.rs (target/debug/deps/eval_dry_run-10c4f73da68e806e)

running 4 tests
test the_manifests_the_runner_wrote_are_the_documents_the_matrix_refuses_to_guess_at ... ok
test the_digest_every_manifest_carries_comes_from_the_instruments_row ... ok
test the_dry_run_reaches_both_harnesses_all_three_arms_and_a_contradiction ... ok
test the_whole_pipeline_runs_on_committed_streams_and_assembles_the_matrix_byte_for_byte ... ok

test result: ok. 4 passed; 0 failed; 0 ignored; 0 measured; 0 filtered out; finished in 0.08s

     Running tests/eval_matrix.rs (target/debug/deps/eval_matrix-313795a4ab4edd21)

running 12 tests
test a_record_with_no_manifest_beside_it_is_refused_rather_than_dropped ... ok
test an_incomplete_manifest_is_refused_by_name_and_no_matrix_is_written ... ok
test an_arm_this_evaluation_does_not_have_is_refused_by_name ... ok
test a_plugin_digest_on_arm_raw_is_refused_where_the_manifest_enters ... ok
test a_manifest_with_no_record_beside_it_is_refused_rather_than_skipped ... ok
test the_matrix_reports_every_arm_of_every_harness_and_all_three_answers ... ok
test a_manifest_whose_transcript_is_not_the_records_transcript_is_refused ... ok
test a_directory_with_no_runs_in_it_is_refused_rather_than_rendered_as_a_clean_sheet ... ok
test a_row_the_record_does_not_mention_at_all_is_the_same_answer_as_a_null_one ... ok
test the_matrix_is_a_report_and_not_a_gate ... ok
test a_null_verdict_is_counted_unobservable_and_never_held ... ok
test the_committed_pairs_assemble_into_the_matrix_byte_for_byte ... ok

test result: ok. 12 passed; 0 failed; 0 ignored; 0 measured; 0 filtered out; finished in 0.02s

     Running tests/eval_run.rs (target/debug/deps/eval_run-9d57fe0b139baab2)

running 27 tests
test live_evaluation_names_the_new_host_before_creating_output ... ok
test arm_plugin_over_a_stream_that_attests_no_plugin_is_refused_by_name ... ok
test a_declared_plugin_the_attestation_does_not_list_is_refused_rather_than_written_down ... ok
test naming_neither_a_case_nor_a_workflow_is_refused_rather_than_running_the_whole_corpus ... ok
test a_stream_that_stops_before_the_session_ends_is_refused_rather_than_reported_as_a_whole_run ... ok
test a_session_that_omits_the_model_key_altogether_is_still_refused ... ok
test arm_plugin_may_be_a_marketplace_plugin_alone_and_the_manifest_says_so ... ok
test an_undecided_replay_exits_three_rather_than_reporting_a_replayed_transcript ... ok
test a_model_is_refused_by_name_on_the_harnesses_whose_adapters_take_none ... ok
test an_attested_plugin_with_no_digest_is_refused_because_the_manifest_cannot_say_which_bytes ... ok
test a_run_of_arm_driven_is_read_even_though_it_is_not_launched_here ... ok
test a_contradicted_replay_exits_with_the_code_its_own_verdict_line_prints ... ok
test arm_raw_over_a_stream_that_attests_a_plugin_is_refused_by_name ... ok
test a_stream_of_another_harness_than_the_run_claims_is_refused ... ok
test a_session_that_states_no_harness_version_is_refused_and_no_manifest_is_written ... ok
test one_recorded_stream_is_one_run_and_naming_two_cases_is_refused ... ok
test a_cost_the_wire_writes_as_null_leaves_the_manifest_silent_and_never_says_zero ... ok
test a_conformant_replay_still_exits_zero ... ok
test a_wire_that_names_no_model_assembles_a_manifest_that_says_so ... ok
test a_session_whose_hermetic_row_is_missing_is_refused_by_the_field_that_is_missing ... ok
test a_run_that_pins_no_model_writes_no_model_requested_key ... ok
test without_redact_the_operators_own_stream_is_left_exactly_as_it_was ... ok
test the_plugin_digest_in_the_manifest_is_the_one_the_session_attested_byte_for_byte ... ok
test redact_takes_the_operators_home_and_name_out_of_the_stream_it_writes ... ok
test the_manifest_records_what_was_asked_for_beside_what_the_attestation_reported ... ok
test the_digest_is_read_from_the_instruments_row_and_not_from_the_vendors_echo ... ok
test the_manifests_digest_is_over_the_redacted_bytes_so_the_written_stream_replays ... ok

test result: ok. 27 passed; 0 failed; 0 ignored; 0 measured; 0 filtered out; finished in 0.07s

     Running tests/evidence_producers.rs (target/debug/deps/evidence_producers-a39bf3f5d00d6eb6)

running 7 tests
test protocol_property_evidence_writes_a_property_record_with_the_case_count_it_measured ... ok
test a_tree_that_does_not_validate_still_produces_a_record_and_it_says_failed ... ok
test protocol_specification_evidence_writes_the_requirement_by_requirement_verdict ... ok
test a_store_holding_two_specifications_of_this_tasks_work_is_refused_rather_than_guessed_at ... ok
test every_evidence_producer_writes_the_same_record_through_either_binary_name ... ok
test protocol_validate_writes_a_verification_record_the_driver_can_submit ... ok
test no_producer_writes_a_record_a_person_is_recorded_as_having_produced ... ok

test result: ok. 7 passed; 0 failed; 0 ignored; 0 measured; 0 filtered out; finished in 0.10s

     Running tests/git_store.rs (target/debug/deps/git_store-c3212435e124a20f)

running 7 tests
test doctor_reports_a_git_store_as_ok ... ok
test a_move_writes_exactly_the_artifacts_file_and_nothing_else ... ok
test a_hand_edited_status_that_breaks_the_walk_fails_validate_naming_the_artifact ... ok
test aep_and_protocol_list_a_git_store_identically ... ok
test list_and_validate_answer_over_a_git_store ... ok
test three_moves_are_three_moves_in_history ... ok
test recorded_evidence_is_one_file_and_admits_the_rung_that_requires_it ... ok

test result: ok. 7 passed; 0 failed; 0 ignored; 0 measured; 0 filtered out; finished in 1.62s

     Running tests/golden_plan.rs (target/debug/deps/golden_plan-a0563f6d32a56889)

running 2 tests
test the_read_verbs_print_exactly_what_was_recorded ... ok
test the_write_verbs_leave_exactly_the_documents_recorded ... ok

test result: ok. 2 passed; 0 failed; 0 ignored; 0 measured; 0 filtered out; finished in 2.88s

     Running tests/grouped_and_flat_spellings.rs (target/debug/deps/grouped_and_flat_spellings-6fb9c8d8606cda3f)

running 4 tests
test the_help_a_reader_sees_offers_the_four_areas_and_doctor_and_no_flat_spelling ... ok
test the_grouped_path_and_the_flat_spelling_answer_identically_under_protocol ... ok
test every_case_reaches_its_verb_rather_than_a_usage_error ... ok
test the_grouped_path_and_the_flat_spelling_answer_identically_under_aep ... ok

test result: ok. 4 passed; 0 failed; 0 ignored; 0 measured; 0 filtered out; finished in 1.81s

     Running tests/guide_console_blocks_are_what_the_command_prints.rs (target/debug/deps/guide_console_blocks_are_what_the_command_prints-399611bc10b0e4b2)

running 1 test
test every_quoted_trace_report_on_the_transcript_guide_is_what_the_command_prints ... ok

test result: ok. 1 passed; 0 failed; 0 ignored; 0 measured; 0 filtered out; finished in 0.29s

     Running tests/instructions.rs (target/debug/deps/instructions-5e7aaf8c429b9e58)

running 3 tests
test the_committed_instruction_documents_are_what_the_verb_writes ... ok
test a_workflow_that_moved_renders_different_bytes_and_leaves_its_neighbours_alone ... ok
test two_runs_of_the_verb_write_the_same_bytes ... ok

test result: ok. 3 passed; 0 failed; 0 ignored; 0 measured; 0 filtered out; finished in 0.15s

     Running tests/metaharness_contract_result.rs (target/debug/deps/metaharness_contract_result-ea87b3b91679a143)

running 6 tests
test a_record_that_checked_nothing_is_refused_before_a_document_exists ... ok
test a_record_whose_breaking_changes_exceed_its_failures_is_refused_before_a_document_exists ... ok
test the_observation_time_is_required_because_this_process_did_not_watch_the_run ... ok
test the_record_can_arrive_on_a_pipe_and_the_loop_still_closes ... ok
test a_breaking_change_is_the_number_the_evaluation_turns_on ... ok
test every_captured_adapter_record_becomes_evidence_the_engine_reads ... ok

test result: ok. 6 passed; 0 failed; 0 ignored; 0 measured; 0 filtered out; finished in 0.33s

     Running tests/metaharness_frame_contract.rs (target/debug/deps/metaharness_frame_contract-377156650fafd95a)

running 11 tests
test bytes_that_are_not_a_json_object_are_refused_before_the_tag_is_looked_for ... ok
test the_minted_golden_carries_the_exact_tag_the_consumer_looks_for ... ok
test the_minted_golden_holds_exactly_the_fields_the_frame_struct_has ... ok
test a_frame_document_without_a_tag_it_knows_is_refused_as_untagged ... ok
test the_minted_golden_lists_its_operations_in_wire_name_order ... ok
test the_transcribed_reader_accepts_a_frame_the_golden_does_not_cover ... ok
test the_minted_golden_is_accepted_by_the_rules_that_would_refuse_it ... ok
test a_frame_document_that_was_never_sealed_is_refused_by_the_same_check ... ok
test a_single_flipped_byte_in_a_minted_frame_breaks_the_digest ... ok
test a_scoped_frame_survives_projection_and_its_scope_participates_in_the_digest ... ok
test a_frame_document_that_is_not_a_frames_shape_is_refused_as_misshapen ... ok

test result: ok. 11 passed; 0 failed; 0 ignored; 0 measured; 0 filtered out; finished in 0.10s

     Running tests/planning_cli.rs (target/debug/deps/planning_cli-7d0b20ba4868b8a1)

running 100 tests
test a_conformance_report_is_read_into_the_record_rather_than_typed_at_it ... ok
test a_listing_says_no_relations_with_an_empty_list_rather_than_by_omission ... ok
test a_column_takes_its_description_from_the_ladder_that_governs_it ... ok
test a_lifecycle_is_printed_from_the_documents_the_tree_declares ... ok
test a_body_replacement_preserves_machine_owned_frontmatter ... ok
test a_body_that_is_empty_after_trimming_is_refused_naming_the_flag ... ok
test a_journal_written_before_the_chain_existed_validates_and_is_not_reported_as_tampered ... ok
test a_findings_block_in_the_body_and_findings_given_apart_are_refused_as_ambiguous ... ok
test a_findings_block_that_does_not_parse_is_refused_at_one_body_line_quoting_it_with_a_json_hint ... ok
test a_body_handed_to_new_on_standard_input_is_the_body_the_store_holds ... ok
test a_body_and_findings_both_on_standard_input_are_refused ... ok
test a_legal_move_rewrites_the_document_and_bumps_the_revision ... ok
test a_malformed_findings_block_is_refused_at_new_with_the_line_it_is_wrong_on ... ok
test a_malformed_ladder_document_does_not_silently_empty_the_board ... ok
test a_report_of_no_scenarios_is_refused_because_it_asserts_nothing ... ok
test a_pinned_git_protocol_source_is_materialized_once_and_then_read_from_cache ... ok
test a_chain_that_starts_on_a_legacy_journal_seals_the_lines_that_came_before_it ... ok
test a_reference_given_at_new_is_written_to_the_document ... ok
test a_findings_block_written_as_json_keeps_messages_with_colons_quotes_and_apostrophes ... ok
test a_paused_explicit_store_writer_excludes_a_second_cli_process ... ok
test a_ladders_column_order_survives_a_second_kind_that_shares_its_rung_names ... ok
test a_new_story_is_written_where_its_id_says_and_validates_clean ... ok
test a_walk_refused_at_its_last_rung_still_reports_the_hop_it_made ... ok
test a_rung_on_no_cycle_is_not_printed_before_the_rung_that_leads_to_it ... ok
test a_store_that_cannot_be_read_whole_is_never_written_to ... ok
test a_review_results_findings_block_is_parsed_at_new_and_returned_by_show_as_an_array ... ok
test a_walk_crosses_unguarded_rungs_and_stops_at_a_guarded_one ... ok
test a_revision_99_forged_into_the_document_and_the_journal_together_is_refused_by_name ... ok
test a_reference_reaches_the_file_and_a_query_finds_it ... ok
test a_refused_evidence_kind_names_the_nearest_two_that_exist ... ok
test an_edge_to_an_artifact_the_store_does_not_hold_is_refused ... ok
test an_explicit_canonical_store_contends_with_the_project_writer_fence ... ok
test a_title_and_a_summary_may_begin_with_a_dash ... ok
test a_section_and_an_append_are_body_verbs_rather_than_a_heredoc ... ok
test an_edge_written_as_one_word_is_the_edge_written_as_three ... ok
test a_new_epic_story_and_specification_are_seeded_with_a_classified_ambiguities_section ... ok
test findings_given_apart_are_refused_on_a_kind_that_carries_none ... ok
test adversary_prose_quoting_an_example_block_in_a_longer_fence_is_not_ambiguous_with_findings ... ok
test a_move_that_would_leave_the_store_invalid_is_refused_with_the_finding ... ok
test an_edge_is_taken_back_by_the_words_that_made_it_and_leaves_the_others_alone ... ok
test every_verb_can_be_built_and_asked_for_help ... ok
test an_illegal_move_exits_one_and_names_every_legal_target ... ok
test no_planning_verb_writes_to_the_store_except_through_a_command ... ok
test a_model_digest_is_written_on_a_specification_and_refused_by_name_on_a_story ... ok
test outside_a_project_the_missing_store_says_what_to_pass ... ok
test kinds_lists_the_ladders_a_store_declares_and_the_open_blocker_family ... ok
test reading_a_record_and_typing_one_are_not_combined ... ok
test an_event_log_store_is_refused_naming_how_to_migrate_it ... ok
test a_journal_entry_edited_in_the_middle_is_named_and_the_records_after_it_are_counted ... ok
test review_value_falls_back_to_a_reviewer_key_when_the_review_has_no_owner ... ok
test review_value_says_in_eval_matrixs_own_words_why_it_computes_no_score ... ok
test planning_documents_follow_the_protocol_tree_named_by_the_project ... ok
test findings_input_outside_the_entry_schema_is_refused_and_nothing_is_written ... ok
test listing_narrows_by_kind_and_by_status ... ok
test a_store_written_only_through_the_cli_reports_a_verified_chain_and_validates ... ok
test a_review_outcome_naming_a_review_of_something_else_is_refused ... ok
test creating_the_same_artifact_twice_is_refused_rather_than_overwriting_it ... ok
test show_body_only_prints_the_bytes_body_from_would_write_back ... ok
test every_artifact_the_board_lists_lands_in_a_column ... ok
test the_command_only_scan_sees_a_write_it_should_refuse ... ok
test a_review_outcome_is_recorded_against_the_reviewed_artifact_and_printed_on_the_review ... ok
test listing_the_fixture_as_json_is_byte_identical_across_two_runs ... ok
test the_entity_surface_counts_the_fixtures_artifacts ... ok
test the_entity_surface_refuses_both_sources_and_neither ... ok
test the_evidence_help_names_the_review_outcome_kind_and_what_it_needs ... ok
test blocked_says_when_no_ladder_declares_a_blocker_at_all ... ok
test the_board_renders_as_a_markdown_page_a_site_can_publish_unedited ... ok
test only_the_named_kind_goes_when_two_edges_point_at_one_artifact ... ok
test the_board_groups_the_fixture_into_status_columns ... ok
test the_graph_draws_every_artifact_and_every_edge ... ok
test the_graph_renders_as_mermaid_with_ids_a_diagram_can_carry ... ok
test new_review_result_takes_its_findings_as_a_json_array_from_a_file ... ok
test the_fixture_store_validates_clean ... ok
test replacing_a_body_with_identical_bytes_does_not_invent_a_revision ... ok
test the_vocabulary_verbs_answer_without_a_store ... ok
test validate_answers_the_same_from_a_subdirectory_as_it_does_from_the_root ... ok
test unrelating_an_edge_that_is_not_declared_is_refused_naming_the_ones_that_are ... ok
test a_review_result_is_authored_whole_retired_by_its_ladder_and_edited_never ... ok
test new_review_result_takes_its_findings_as_a_json_array_from_standard_input ... ok
test the_store_defaults_to_the_planning_directory_of_the_project_it_is_run_in ... ok
test validate_lists_every_problem_in_a_broken_store ... ok
test set_changes_a_frontmatter_field_and_refuses_the_four_it_does_not_own ... ok
test review_value_since_a_date_leaves_out_what_was_recorded_before_it ... ok
test the_new_kinds_have_the_ladder_the_store_needs ... ok
test validate_holds_agreed_work_to_an_objective_once_the_store_declares_one ... ok
test the_findings_verb_classifies_a_finding_that_moved_two_lines_as_carried ... ok
test explain_ends_with_what_each_legal_next_rung_costs ... ok
test the_findings_verb_refuses_a_review_that_does_not_review_the_artifact ... ok
test the_findings_verb_takes_the_two_reviews_it_is_told_and_exits_zero_with_one_review ... ok
test validate_reports_a_review_result_with_no_findings_block_without_failing ... ok
test the_compiled_order_still_separates_two_known_rungs_when_a_kind_declares_no_ladder ... ok
test the_board_has_a_column_for_a_rung_only_a_lifecycle_document_names ... ok
test withheld_evidence_that_blocks_nothing_is_reported_by_validate ... ok
test review_value_counts_per_reviewer_and_says_unknown_where_no_manifest_named_a_cost ... ok
test a_blocker_is_typed_by_what_clears_it_and_says_so_in_every_listing ... ok
test strict_validate_fails_on_what_plain_validate_only_reports ... ok
test the_outcome_flags_and_the_review_outcome_kind_require_each_other ... ok
test validate_reports_a_review_with_no_outcome_without_failing_and_the_age_is_a_flag ... ok
test one_ladders_column_order_does_not_depend_on_another_kind_being_in_the_store ... ok
test the_board_prints_a_terminal_rung_after_the_rungs_that_lead_to_it ... ok

test result: ok. 100 passed; 0 failed; 0 ignored; 0 measured; 0 filtered out; finished in 2.51s

     Running tests/planning_writer_fence_adversary.rs (target/debug/deps/planning_writer_fence_adversary-64daf3c810fef05c)

running 6 tests
test a_peer_holding_the_legacy_in_tree_store_fence_still_excludes_an_explicit_writer_in_a_repository ... ok
test a_peer_holding_the_legacy_in_tree_project_fence_still_excludes_a_writer_in_a_repository ... ok
test a_read_only_git_directory_refuses_the_write_and_changes_nothing ... ok
test a_relative_path_worktree_store_named_through_a_symlink_contends_with_its_canonical_spelling ... ok
test every_write_verb_in_a_repository_changes_nothing_outside_its_store ... ok
test a_store_inside_a_submodule_is_fenced_in_the_submodules_git_directory ... ok

test result: ok. 6 passed; 0 failed; 0 ignored; 0 measured; 0 filtered out; finished in 0.11s

     Running tests/planning_writer_fence_location.rs (target/debug/deps/planning_writer_fence_location-79cf8d09cc68ac8a)

running 4 tests
test a_stray_git_directory_that_names_no_repository_does_not_capture_the_fence ... ok
test a_completed_project_write_leaves_no_fence_file_in_the_working_tree ... ok
test a_completed_explicit_store_write_leaves_no_fence_file_in_the_working_tree ... ok
test writers_to_one_store_from_two_linked_worktrees_contend_on_one_fence_under_the_common_directory ... ok

test result: ok. 4 passed; 0 failed; 0 ignored; 0 measured; 0 filtered out; finished in 0.05s

     Running tests/render_cli.rs (target/debug/deps/render_cli-dcda9bf3772e53c5)

running 13 tests
test watch_is_refused_on_a_format_that_writes_a_document_once ... ok
test png_without_an_output_file_is_refused_and_names_the_flag_that_fixes_it ... ok
test a_workflow_the_tree_does_not_declare_is_refused_by_name ... ok
test watch_without_a_run_is_refused_because_there_would_be_nothing_to_follow ... ok
test a_frame_written_to_a_file_carries_no_control_characters ... ok
test a_workflow_renders_to_a_standalone_svg_document_on_standard_output ... ok
test a_snapshot_on_its_own_draws_the_path_and_refuses_to_guess_a_status ... ok
test png_without_the_rasteriser_names_the_program_and_what_to_install ... ok
test the_html_page_is_written_whole_and_fetches_nothing ... ok
test the_same_workflow_renders_to_the_same_bytes_twice ... ok
test every_committed_workflow_renders ... ok
test a_run_directory_paints_the_overlay_and_prints_its_reasons_verbatim ... ok
test a_run_id_with_no_directory_behind_it_is_refused_by_path ... ok

test result: ok. 13 passed; 0 failed; 0 ignored; 0 measured; 0 filtered out; finished in 0.29s

     Running tests/reverse_cli.rs (target/debug/deps/reverse_cli-7c8a336c38338ae8)

running 19 tests
test a_test_that_never_runs_is_told_apart_from_one_that_is_opted_into ... ok
test an_unpinned_git_source_is_refused_and_nothing_is_written ... ok
test an_absolute_protocol_source_is_refused_and_the_repository_is_left_as_it_was ... ok
test an_unsupported_source_scheme_is_refused ... ok
test a_draft_names_every_decision_it_could_not_take ... ok
test a_language_call_named_todo_is_not_unfinished_work ... ok
test a_scan_reads_what_the_fixture_says_and_not_what_it_does_not ... ok
test every_citation_a_scan_emits_resolves_to_a_real_line ... ok
test a_relative_source_resolves_through_a_directory_that_did_not_exist_yet ... ok
test a_directory_with_no_history_says_so_in_one_sentence ... ok
test a_document_that_is_not_openapi_is_refused ... ok
test build_output_and_machine_state_are_not_part_of_a_repository_plan ... ok
test one_tree_scans_to_the_same_bytes_twice ... ok
test every_verb_can_be_built_and_asked_for_help ... ok
test a_marked_line_is_dated_from_the_commit_that_wrote_it_and_not_from_today ... ok
test a_history_reports_what_the_commits_say ... ok
test a_history_of_one_tree_is_the_same_bytes_twice ... ok
test init_writes_a_project_the_next_command_can_read ... ok
test a_vision_cannot_be_implemented_and_a_story_can ... ok

test result: ok. 19 passed; 0 failed; 0 ignored; 0 measured; 0 filtered out; finished in 0.37s

     Running tests/reverse_openapi_relations.rs (target/debug/deps/reverse_openapi_relations-6c1d4a6e8eab4925)

running 2 tests
test a_schema_with_no_relation_signal_carries_no_relations_block ... ok
test the_drafted_domain_is_the_recorded_bytes ... ok

test result: ok. 2 passed; 0 failed; 0 ignored; 0 measured; 0 filtered out; finished in 0.01s

     Running tests/serve_cli.rs (target/debug/deps/serve_cli-45aaf117b54026bf)

running 6 tests
test response_framing_names_exactly_how_many_body_bytes_must_arrive ... ok
test an_illegal_move_is_a_conflict_carrying_every_legal_target ... ok
test the_board_is_answered_over_a_socket_and_only_to_the_token_it_printed ... ok
test explain_answers_the_rungs_a_page_would_draw_and_what_each_costs ... ok
test a_read_only_server_answers_reads_and_refuses_every_move ... ok
test a_legal_move_is_written_and_the_next_read_sees_it ... ok

test result: ok. 6 passed; 0 failed; 0 ignored; 0 measured; 0 filtered out; finished in 2.97s

     Running tests/specification_task_binding.rs (target/debug/deps/specification_task_binding-b86d5ffbd982d1f5)

running 3 tests
test an_artifact_named_on_the_command_line_does_not_lift_the_binding ... ok
test a_task_no_specification_in_the_store_is_about_is_refused_and_nothing_is_written ... ok
test one_store_decides_two_tasks_differently_and_each_record_names_its_own_specification ... ok

test result: ok. 3 passed; 0 failed; 0 ignored; 0 measured; 0 filtered out; finished in 0.49s

     Running tests/sqlite_plan.rs (target/debug/deps/sqlite_plan-f0a31d62fe8352b8)

running 1 test
test this_repositorys_plan_round_trips_through_sqlite_and_answers_the_markdown_backends_history has been running for over 60 seconds
test this_repositorys_plan_round_trips_through_sqlite_and_answers_the_markdown_backends_history ... ok

test result: ok. 1 passed; 0 failed; 0 ignored; 0 measured; 0 filtered out; finished in 92.33s

     Running tests/store_migrate_git.rs (target/debug/deps/store_migrate_git-13a6dabfa7546bc9)

running 8 tests
test reverse_init_writes_a_v5_project_whose_new_and_move_each_write_one_file ... ok
test doctor_warns_on_a_v1_store_naming_the_migration ... ok
test a_dry_run_writes_nothing ... ok
test reverse_init_over_an_existing_plan_is_refused_and_migrate_git_adopts_it_as_v5 ... ok
test a_status_its_last_move_did_not_reach_refuses_the_whole_migration ... ok
test a_dirty_store_is_refused_and_left_as_it_was ... ok
test a_v1_store_migrates_with_verify_keeping_its_moves_and_evidence_and_dropping_its_journal ... ok
test the_upgrade_notice_is_one_stderr_line_for_v1_and_absent_for_v5_or_when_suppressed ... ok

test result: ok. 8 passed; 0 failed; 0 ignored; 0 measured; 0 filtered out; finished in 1.28s

     Running tests/store_selection.rs (target/debug/deps/store_selection-6abd24798439e511)

running 12 tests
test a_hybrid_missing_a_policy_word_is_refused_naming_the_word ... ok
test explaining_an_artifact_no_store_holds_is_refused_naming_it ... ok
test the_sqlite_plan_is_read_from_the_database_and_not_from_files ... ok
test conformance_against_the_project_holds_the_configured_kind_of_store_to_the_suites ... ok
test a_hybrid_records_a_write_its_replica_refused_and_the_next_process_catches_it_up ... ok
test evidence_without_at_is_recorded_at_the_instant_the_edge_read ... ok
test an_edge_is_taken_back_alike_in_every_store ... ok
test show_prints_one_artifact_with_its_body_verbatim_in_every_store ... ok
test a_joined_record_outlives_the_file_its_reference_names ... ok
test a_status_reached_without_a_record_says_which_kind_of_claim_it_rested_on ... ok
test what_made_a_story_done_names_the_revision_each_record_was_admitted_at ... ok
test every_verb_answers_alike_over_markdown_and_sqlite ... ok

test result: ok. 12 passed; 0 failed; 0 ignored; 0 measured; 0 filtered out; finished in 11.70s

     Running tests/trace_cli.rs (target/debug/deps/trace_cli-012fae78ca6a1565)

running 7 tests
test a_file_that_is_neither_wire_is_refused_with_the_format_it_was_read_as ... ok
test a_downgrade_the_specification_does_not_declare_is_refused_by_the_evidence_verb_too ... ok
test a_driven_event_stream_is_checked_with_the_same_arguments_as_a_recorded_transcript ... ok
test a_run_that_gapped_is_written_down_rather_than_exited_on ... ok
test the_provenance_command_is_the_canonical_spelling_whichever_binary_minted_the_record ... ok
test the_record_the_checker_writes_is_one_the_engine_accepts ... ok
test the_json_rendering_is_read_by_the_same_loader_as_the_yaml_one ... ok

test result: ok. 7 passed; 0 failed; 0 ignored; 0 measured; 0 filtered out; finished in 0.06s

     Running tests/validate_sees_a_dangling_edge_behind_our_own_member_name.rs (target/debug/deps/validate_sees_a_dangling_edge_behind_our_own_member_name-b24a4ba1ce00ea26)

running 2 tests
test an_unprefixed_dangling_edge_is_reported ... ok
test a_dangling_edge_behind_this_store_s_own_member_name_is_reported_too ... ok

test result: ok. 2 passed; 0 failed; 0 ignored; 0 measured; 0 filtered out; finished in 0.01s

     Running tests/wave_derivation.rs (target/debug/deps/wave_derivation-ef94fd6435c76617)

running 13 tests
test a_depends_on_cycle_prints_its_ids_and_exits_two ... ok
test the_fixture_store_prints_the_recorded_answer_byte_for_byte ... ok
test scope_is_refused_on_a_kind_that_is_not_a_story ... ok
test scope_add_writes_a_typed_entry_and_bumps_the_revision_once ... ok
test show_prints_the_scope_and_json_carries_it_as_an_array ... ok
test scope_records_an_inferred_entry_apart_from_a_cited_one_and_remove_takes_it_out ... ok
test a_story_with_no_scope_is_unassessed_and_never_placed ... ok
test waves_leaves_every_byte_of_the_store_where_it_was ... ok
test an_inferred_entry_collides_and_is_marked_as_inferred ... ok
test waves_never_point_a_dependency_the_wrong_way ... ok
test waves_answers_about_the_status_it_was_asked_about ... ok
test waves_places_disjoint_stories_together_and_pushes_the_pair_that_collides ... ok
test validate_reports_a_non_draft_story_with_no_scope_and_still_exits_zero ... ok

test result: ok. 13 passed; 0 failed; 0 ignored; 0 measured; 0 filtered out; finished in 0.79s

     Running unittests src/lib.rs (target/debug/deps/aep_client-514ebcb18b43ee19)

running 0 tests

test result: ok. 0 passed; 0 failed; 0 ignored; 0 measured; 0 filtered out; finished in 0.00s

     Running tests/conformance_corpus.rs (target/debug/deps/conformance_corpus-60185a07062afd93)

running 3 tests
test the_corpus_covers_dispatch_refusal_attribution_and_retry_boundaries ... ok
test service_side_problem_mapping_is_the_mapping_the_corpus_pins ... ok
test every_case_has_one_name_and_canonical_document_bytes ... ok

test result: ok. 3 passed; 0 failed; 0 ignored; 0 measured; 0 filtered out; finished in 0.00s

     Running tests/determinism.rs (target/debug/deps/determinism-baabc1c9c12bfcb9)

running 2 tests
test the_scan_detects_code_and_ignores_prose_and_substrings ... ok
test canonical_wire_sources_hold_no_unordered_collection_clock_or_random_source ... ok

test result: ok. 2 passed; 0 failed; 0 ignored; 0 measured; 0 filtered out; finished in 0.00s

     Running tests/service_contract.rs (target/debug/deps/service_contract-0cceae5010ce88b8)

running 3 tests
test every_service_operation_has_one_unique_method_path_and_operation_id ... ok
test every_service_document_has_a_derived_json_schema ... ok
test derived_schemas_accept_every_well_formed_constructed_exchange ... ok

test result: ok. 3 passed; 0 failed; 0 ignored; 0 measured; 0 filtered out; finished in 0.07s

     Running tests/wire_and_client.rs (target/debug/deps/wire_and_client-7246a332724274c3)

running 10 tests
test a_no_response_failure_is_unavailable_without_a_forged_problem ... ok
test token_and_client_debug_output_do_not_expose_credentials ... ok
test nullable_request_members_are_present_even_when_their_value_is_null ... ok
test a_revision_problem_maps_back_to_the_semantic_error ... ok
test the_semantic_client_sends_intent_and_never_trusted_context ... ok
test a_missing_nullable_member_and_an_unknown_member_are_each_refused ... ok
test every_semantic_query_has_one_versioned_route ... ok
test a_version_one_server_remains_a_complete_history_fallback ... ok
test the_official_client_maps_every_constructed_command_answer ... ok
test complete_history_drains_version_two_pages ... ok

test result: ok. 10 passed; 0 failed; 0 ignored; 0 measured; 0 filtered out; finished in 0.01s

     Running unittests src/lib.rs (target/debug/deps/aep_conformance-fb57d13ca0082cd0)

running 46 tests
test faulty::tests::every_fault_names_the_suite_that_catches_it ... ok
test report::tests::levels_are_ordered_so_a_claim_can_be_checked ... ok
test faulty::tests::each_fault_is_claimed_by_at_most_one_suite ... ok
test report::tests::an_empty_suite_is_reported_as_empty_rather_than_passing ... ok
test report::tests::a_report_states_which_property_failed_not_which_assertion ... ok
test report::tests::a_run_counts_failures_across_suites ... ok
test harness::tests::each_harness_has_its_own_activity ... ok
test harness::tests::identifiers_are_fresh_and_timestamps_advance ... ok
test harness::tests::the_executor_is_recorded_separately_from_the_actor ... ok
test harness::tests::two_harnesses_never_collide_on_a_shared_backend ... ok
test suites::command_execution::tests::a_backend_that_hides_what_it_changed_does_not_pass ... ok
test harness::tests::the_harness_creates_entities_a_suite_can_then_ask_about ... ok
test suites::history::tests::a_backend_that_keeps_only_the_latest_revision_does_not_pass ... ok
test suites::audit::tests::a_backend_that_audits_nothing_fails ... ok
test suites::history::tests::the_reference_backend_keeps_every_revision_it_passed_through ... ok
test suites::command_execution::tests::the_reference_backend_reports_what_its_commands_changed ... ok
test suites::events::tests::the_reference_backend_reports_what_it_emitted ... ok
test suites::events::tests::a_backend_that_reports_no_events_fails ... ok
test suites::idempotency::tests::the_reference_backend_applies_a_replayed_command_once ... ok
test suites::consistency::tests::the_reference_backend_answers_a_freshness_demand_it_can_satisfy ... ok
test suites::consistency::tests::a_backend_that_ignores_a_freshness_demand_does_not_pass ... ok
test suites::causation::tests::a_backend_that_forgets_what_caused_a_step_fails ... ok
test suites::causation::tests::the_reference_backend_keeps_the_chain_walkable ... ok
test suites::identity::tests::the_suite_checks_more_than_one_edge_of_identity ... ok
test suites::immutability::tests::a_backend_that_hides_archived_entities_fails ... ok
test suites::audit::tests::the_reference_backend_records_who_changed_what ... ok
test suites::identity::tests::the_reference_backend_keeps_identity_apart_from_address ... ok
test suites::concurrency::tests::the_reference_backend_refuses_a_stale_write ... ok
test suites::correlation::tests::the_reference_backend_keeps_one_activity_together ... ok
test suites::idempotency::tests::a_backend_that_applies_a_replay_twice_does_not_pass ... ok
test suites::tests::every_suite_is_registered_exactly_once ... ok
test suites::tests::levels_select_a_growing_set_of_suites ... ok
test suites::correlation::tests::a_backend_that_scrambles_the_activity_fails ... ok
test suites::immutability::tests::the_reference_backend_deletes_nothing_and_refuses_to_edit_evidence ... ok
test suites::provenance::tests::the_reference_backend_remembers_whose_work_this_is ... ok
test suites::concurrency::tests::a_backend_that_ignores_a_revision_assertion_does_not_pass ... ok
test suites::type_registry::tests::a_backend_that_describes_nothing_fails ... ok
test suites::query::tests::a_backend_that_repeats_the_first_page_does_not_pass ... ok
test suites::relations::tests::the_reference_backend_answers_an_edge_from_both_ends ... ok
test suites::relations::tests::a_backend_that_returns_no_edges_does_not_pass ... ok
test suites::query::tests::the_reference_backend_applies_the_filters_it_is_given ... ok
test suites::provenance::tests::a_backend_that_forgets_who_created_an_entity_fails ... ok
test suites::rejected_audit::tests::a_backend_that_forgets_refusals_fails ... ok
test suites::rejected_audit::tests::the_reference_backend_records_what_it_refused ... ok
test suites::type_registry::tests::the_reference_backend_can_describe_what_it_stores ... ok
test suites::query::tests::a_backend_that_ignores_its_filters_does_not_pass ... ok

test result: ok. 46 passed; 0 failed; 0 ignored; 0 measured; 0 filtered out; finished in 0.01s

     Running tests/faults.rs (target/debug/deps/faults-0c6c83459f0ccf60)

running 7 tests
test a_named_suite_can_be_run_on_its_own ... ok
test a_core_claim_is_not_checked_against_audited_properties ... ok
test every_suite_checks_something ... ok
test the_reference_backend_passes_every_level ... ok
test a_faults_collateral_is_explainable ... ok
test a_fault_does_not_simply_break_everything ... ok
test each_fault_is_caught_by_the_suite_that_exists_to_catch_it ... ok

test result: ok. 7 passed; 0 failed; 0 ignored; 0 measured; 0 filtered out; finished in 0.09s

     Running unittests src/lib.rs (target/debug/deps/aep_contract-86786276a2d9bb5e)

running 22 tests
test command::tests::a_replay_is_not_a_state_change ... ok
test testing::tests::drives_a_chain_of_awaits ... ok
test error::tests::only_unavailability_is_retryable_unchanged ... ok
test query::tests::a_page_reports_whether_more_follows ... ok
test testing::tests::drives_a_future_that_completes_immediately ... ok
test consistency::tests::current_is_the_default_and_waits_for_nothing ... ok
test consistency::tests::a_token_is_carried_not_interpreted ... ok
test query::tests::pagination_advances_and_refuses_cursors_it_did_not_emit ... ok
test query::tests::relations_can_be_asked_in_both_directions ... ok
test error::tests::a_revision_conflict_reports_both_revisions ... ok
test command::tests::targeting_a_revision_sets_both_the_target_and_the_assertion ... ok
test query::tests::an_entity_query_composes_the_documented_questions ... ok
test query::tests::queries_carry_their_freshness_requirement ... ok
test query::tests::audit_can_be_asked_for_refused_attempts_only ... ok
test command::tests::the_executor_defaults_to_the_actor_and_is_recorded_when_it_differs ... ok
test registry::tests::a_descriptor_answers_what_may_target_a_type ... ok
test command::tests::a_context_round_trips_through_serde_with_its_causal_fields ... ok
test registry::tests::an_immutable_type_says_so ... ok
test command::tests::an_unguarded_command_is_visibly_unguarded ... ok
test command::tests::a_result_reports_the_revision_each_entity_ended_at ... ok
test error::tests::reusing_an_idempotency_key_for_another_command_is_its_own_failure ... ok
test consistency::tests::consistency_round_trips_through_serde ... ok

test result: ok. 22 passed; 0 failed; 0 ignored; 0 measured; 0 filtered out; finished in 0.00s

     Running tests/write_surface.rs (target/debug/deps/write_surface-8399d0e96fbec148)

running 2 tests
test the_trait_extractor_reads_methods_and_not_prose ... ok
test the_contract_has_one_write_path_and_it_is_the_command_boundary ... ok

test result: ok. 2 passed; 0 failed; 0 ignored; 0 measured; 0 filtered out; finished in 0.00s

     Running unittests src/lib.rs (target/debug/deps/aep_domain-1dd35b002032f071)

running 300 tests
test artifact::tests::design_subkinds_satisfy_a_design_requirement ... ok
test action::tests::network_intent_selects_the_capability ... ok
test action::tests::every_action_maps_to_one_capability ... ok
test artifact::tests::a_single_segment_custom_kind_is_the_top_of_its_own_family ... ok
test artifact::tests::lineage_never_reads_an_alias_as_a_parent ... ok
test artifact::tests::a_custom_kinds_parent_is_the_kind_its_last_segment_names ... ok
test artifact::tests::parses_kind_aliases_and_unknown_kinds ... ok
test artifact::tests::a_scope_entry_refuses_an_empty_path_and_accepts_any_granularity ... ok
test artifact::tests::a_blockers_type_is_the_part_of_its_kind_before_blocker ... ok
test artifact::tests::parses_locations_in_every_documented_form ... ok
test artifact::tests::a_target_naming_this_store_s_own_member_is_a_local_edge_and_not_a_crossing ... ok
test artifact::tests::one_lifecycle_on_a_custom_parent_kind_governs_the_whole_family ... ok
test artifact::tests::the_end_of_a_ladder_is_the_rung_with_nowhere_to_go ... ok
test artifact::tests::a_confidence_the_vocabulary_does_not_have_is_refused_by_name ... ok
test artifact::tests::an_unqualified_dangling_edge_is_still_refused ... ok
test artifact::tests::a_model_digest_is_refused_on_a_kind_that_has_no_model ... ok
test artifact::tests::a_misspelled_member_is_dangling_even_inside_a_workspace ... ok
test artifact::tests::lifecycle_rejects_a_status_the_kind_does_not_have ... ok
test artifact::tests::an_edge_from_an_artifact_to_its_own_member_qualified_self_is_a_self_reference ... ok
test artifact::tests::a_scope_entry_reads_the_mapping_and_the_bare_path_as_one_thing ... ok
test artifact::tests::evidence_withheld_from_nothing_is_refused_by_name ... ok
test artifact::tests::the_fallback_is_consulted_last_and_only_when_nothing_nearer_answers ... ok
test artifact::tests::rejects_dangling_edges_and_cycles ... ok
test artifact::tests::only_a_revision_bound_model_is_governing ... ok
test audit::tests::a_change_without_an_after_revision_is_a_removal ... ok
test artifact::tests::a_self_member_qualified_edge_resolves_against_this_manifest ... ok
test artifact::tests::walks_relations_forwards_and_backwards ... ok
test audit::tests::a_change_without_a_before_revision_is_a_creation ... ok
test audit::tests::a_change_that_names_neither_revision_is_rejected ... ok
test audit::tests::a_protocol_decision_without_a_decision_is_rejected ... ok
test audit::tests::a_record_whose_decision_refused_the_action_may_not_carry_a_change ... ok
test audit::tests::a_redacted_change_that_kept_its_payload_is_rejected ... ok
test artifact::tests::superseded_artifacts_must_name_a_successor ... ok
test artifact::tests::a_member_qualified_target_in_a_store_with_no_workspace_is_still_dangling ... ok
test artifact::tests::a_dangling_edge_behind_this_store_s_own_member_name_is_still_dangling ... ok
test artifact::tests::a_relation_naming_another_member_is_external_rather_than_dangling ... ok
test audit::tests::a_refused_command_that_carries_a_change_is_rejected ... ok
test artifact::tests::projects_facts_including_the_kind_hierarchy ... ok
test audit::tests::an_entity_change_record_without_a_change_is_rejected ... ok
test capability::tests::identifies_production_mutations ... ok
test capability::tests::parses_and_renders_audience_scoped_network_reads ... ok
test audit::tests::a_refusal_whose_decision_says_allowed_is_rejected ... ok
test capability::tests::parses_and_renders_capability_strings ... ok
test audit::tests::validation_reports_every_problem_at_once ... ok
test capability::tests::a_denied_private_read_is_not_downgraded_to_requiring_an_approval ... ok
test capability::tests::rejects_unknown_capabilities_and_misplaced_environments ... ok
test capability::tests::restrict_cannot_grant_but_grant_can ... ok
test capability::tests::a_denied_private_read_is_not_reopened_by_a_broad_network_grant ... ok
test capability::tests::a_read_that_will_not_say_its_audience_is_not_covered_by_a_public_grant ... ok
test capability::tests::a_wildcard_denial_is_not_reopened_by_an_approval_on_one_environment ... ok
test capability::tests::the_unknown_capability_diagnostic_names_the_scoped_capabilities_too ... ok
test capability::tests::unmentioned_capabilities_are_not_granted ... ok
test capability::tests::an_environment_wildcard_covers_named_environments ... ok
test capability::tests::deny_beats_approval_which_beats_allow ... ok
test audit::tests::a_refused_command_records_why_and_changes_nothing ... ok
test command::tests::a_relation_command_targets_the_entity_whose_edges_change ... ok
test command::tests::an_entity_cannot_hold_a_relation_to_itself ... ok
test command::tests::a_well_formed_command_has_nothing_to_report ... ok
test command::tests::an_entity_cannot_supersede_itself ... ok
test command::tests::an_update_that_changes_nothing_is_refused ... ok
test command::tests::an_unrecognised_command_type_is_rejected_and_the_vocabulary_named ... ok
test command::tests::approving_a_design_needs_artifact_write_not_approval_request ... ok
test command::tests::approving_a_stale_revision_is_a_different_command_from_approving_the_current_one ... ok
test command::tests::asking_for_a_review_is_the_only_command_that_does_not_write_an_artifact ... ok
test command::tests::creating_an_entity_names_no_target_because_nothing_exists_yet ... ok
test command::tests::every_command_mutates_state ... ok
test command::tests::only_a_command_naming_a_revision_asserts_one ... ok
test command::tests::the_serde_tag_names_the_variant_in_kebab_case ... ok
test command::tests::the_sample_set_covers_every_command_kind ... ok
test command::tests::wire_names_are_the_versioned_names_the_specification_lists ... ok
test command::tests::a_summary_names_what_the_command_touched ... ok
test domain_event::tests::a_creation_event_pins_the_initial_revision_and_an_update_pins_the_one_it_produced ... ok
test domain_event::tests::a_malformed_event_type_is_rejected_with_the_reason_it_failed ... ok
test domain_event::tests::a_relation_event_has_no_subject_because_a_relation_is_not_an_entity ... ok
test domain_event::tests::a_revision_without_a_subject_is_rejected ... ok
test domain_event::tests::a_subject_without_a_revision_is_rejected ... ok
test domain_event::tests::a_type_matches_its_own_family_across_versions_but_not_another_event ... ok
test domain_event::tests::an_envelope_reports_every_broken_invariant_at_once ... ok
test domain_event::tests::an_envelope_whose_declared_type_contradicts_its_payload_is_rejected ... ok
test domain_event::tests::an_event_that_names_a_command_but_a_different_cause_is_rejected ... ok
test domain_event::tests::an_event_with_no_causing_command_needs_no_causation ... ok
test domain_event::tests::an_organisation_may_emit_an_event_type_this_crate_does_not_name ... ok
test domain_event::tests::from_command_records_the_command_as_the_direct_cause ... ok
test domain_event::tests::every_payload_declares_a_type_this_crate_names ... ok
test entity::tests::a_pinned_reference_stops_being_current_when_the_entity_moves_on ... ok
test entity::tests::a_revision_advances_and_records_who_changed_it ... ok
test entity::tests::a_versioned_reference_names_one_revision_and_an_unversioned_one_does_not ... ok
test entity::tests::an_entity_id_is_opaque_and_long_enough_not_to_be_a_key ... ok
test entity::tests::actors_distinguish_who_authorised_from_what_ran ... ok
test entity::tests::entity_types_round_trip_and_carry_a_version ... ok
test entity::tests::locators_are_addresses_with_four_segments ... ok
test entity::tests::revisions_start_at_one ... ok
test error::tests::errors_accumulate_and_report_every_problem ... ok
test error::tests::every_code_has_a_distinct_stable_string ... ok
test error::tests::the_serialised_form_matches_the_string_form ... ok
test evidence::tests::a_conformance_result_projects_a_fact_a_completion_condition_can_read ... ok
test evidence::tests::a_conformance_run_with_failures_does_not_pass_however_it_reports_its_status ... ok
test evidence::tests::a_deployment_records_whether_a_rollback_target_exists ... ok
test evidence::tests::a_property_run_hands_back_the_seed_that_reproduces_its_counterexample ... ok
test evidence::tests::a_property_run_without_a_seed_says_so_rather_than_looking_reproducible ... ok
test evidence::tests::a_review_projects_facts_for_the_subject_kind_hierarchy ... ok
test evidence::tests::a_run_against_yesterdays_revision_does_not_cover_the_specification_in_the_graph ... ok
test evidence::tests::a_test_run_projects_canonical_facts_and_documented_aliases ... ok
test evidence::tests::a_trace_check_projects_the_verdict_the_counts_and_both_digests ... ok
test evidence::tests::a_trace_check_reporting_a_pass_beside_a_gap_does_not_pass ... ok
test evidence::tests::a_trace_record_does_not_claim_to_be_about_an_ess_revision ... ok
test evidence::tests::a_transcript_digest_is_not_interchangeable_with_a_specification_digest ... ok
test evidence::tests::a_verification_record_projects_the_claim_verified_alias ... ok
test evidence::tests::an_empty_test_run_is_inconclusive_not_green ... ok
test evidence::tests::an_undecided_run_is_not_a_failed_one_in_the_record ... ok
test evidence::tests::conformance_evidence_for_one_specification_does_not_attest_another ... ok
test evidence::tests::every_evidence_kind_names_at_least_one_verifier ... ok
test evidence::tests::evidence_kind_aliases_parse ... ok
test evidence::tests::metrics_project_both_the_namespaced_and_bare_path ... ok
test evidence::tests::only_a_conformance_runner_establishes_conformance ... ok
test evidence::tests::only_a_trace_checker_establishes_transcript_conformance ... ok
test evidence::tests::only_evidence_that_was_produced_against_a_model_carries_a_digest ... ok
test evidence::tests::trace_conformance_is_spelled_the_way_the_checker_writes_it ... ok
test capability::tests::a_denied_capability_is_not_downgraded_to_requiring_an_approval ... ok
test facts::tests::a_number_too_large_to_represent_stays_the_text_it_was_written_as ... ok
test command::tests::every_wire_name_round_trips_through_parsing_and_serde ... ok
test facts::tests::an_infinity_is_refused_because_it_cannot_be_written_back_out ... ok
test facts::tests::parses_and_rejects_fact_paths ... ok
test evidence::tests::deserializing_an_evidence_kind_accepts_exactly_what_parsing_it_accepts ... ok
test facts::tests::patterns_match_segment_wise ... ok
test facts::tests::rejects_nan_numbers ... ok
test facts::tests::scales_order_non_numeric_values ... ok
test ids::tests::accepts_well_formed_identifiers ... ok
test ids::tests::rejects_malformed_identifiers ... ok
test ids::tests::rejects_numeric_tail_on_dotted_ids_to_keep_version_refs_unambiguous ... ok
test ids::tests::subject_refs_round_trip ... ok
test facts::tests::parses_literals_by_shape ... ok
test node::tests::a_number_stays_a_number_when_serde_json_arbitrary_precision_is_unified ... ok
test predicate::tests::conjunction_follows_the_kleene_table_in_all_nine_rows ... ok
test predicate::tests::disjunction_follows_the_kleene_table_in_all_nine_rows ... ok
test predicate::tests::a_predicate_nested_past_the_limit_is_refused_rather_than_overflowing_the_stack ... ok
test predicate::tests::explains_only_the_failing_children_of_a_conjunction ... ok
test predicate::tests::kleene_conjunction_keeps_false_ahead_of_unknown ... ok
test audit::tests::every_audit_kind_round_trips_through_its_snake_case_name ... ok
test audit::tests::correlation_is_mandatory_and_causation_is_optional ... ok
test predicate::tests::negating_unknown_leaves_it_unknown ... ok
test predicate::tests::only_true_satisfies_a_transition ... ok
test predicate::tests::ordering_text_needs_a_declared_scale ... ok
test predicate::tests::parses_the_compact_forms ... ok
test predicate::tests::parses_the_structured_mapping_forms ... ok
test predicate::tests::reads_a_dotted_right_hand_side_as_a_fact_and_a_bare_word_as_text ... ok
test predicate::tests::rejects_unknown_operators_and_bad_paths ... ok
test audit::tests::a_redacted_payload_keeps_the_actor_correlation_and_reason ... ok
test facts::tests::a_document_cannot_deserialise_a_number_the_constructor_would_refuse ... ok
test predicate::tests::round_trips_through_document_form ... ok
test predicate::tests::unobserved_facts_are_unknown_not_false ... ok
test domain_event::tests::every_named_event_type_round_trips_through_its_wire_name ... ok
test predicate::tests::the_two_predicate_forms_share_one_depth_budget ... ok
test audit::tests::the_actor_and_the_executor_stay_distinct ... ok
test audit::tests::a_change_record_round_trips_with_both_revisions ... ok
test principle::tests::every_invented_parameter_is_named_at_once ... ok
test principle::tests::every_action_in_the_register_is_known_to_the_parser_and_published_with_a_shape ... ok
test predicate::tests::a_predicate_as_deep_as_anybody_writes_is_still_accepted ... ok
test principle::tests::a_principle_that_enforces_nothing_is_rejected ... ok
test evidence::tests::a_conformance_record_that_cannot_name_its_specification_is_refused ... ok
test principle::tests::a_timing_selector_without_requirements_is_rejected ... ok
test principle::tests::an_unobservable_applicability_condition_keeps_the_principle_in_force ... ok
test principle::tests::a_parameter_the_action_does_not_take_is_refused_rather_than_ignored ... ok
test principle::tests::parses_the_artifact_requires_form_with_a_before_selector ... ok
test principle::tests::requirements_with_no_timing_default_to_before_completion ... ok
test principle::tests::parses_failure_policies_in_both_forms ... ok
test profile::tests::requires_a_workflow_and_a_completion_condition ... ok
test principle::tests::colliding_generated_obligation_ids_are_made_unique ... ok
test profile::tests::accepts_a_complete_profile ... ok
test profile::tests::rejects_a_principle_that_is_both_listed_and_dropped ... ok
test principle::tests::parses_the_phase_keyed_requires_form ... ok
test project::tests::a_pinned_git_source_may_carry_an_absolute_path_inside_its_locator ... ok
test profile::tests::a_profile_can_drop_an_inherited_principle ... ok
test profile::tests::extending_adds_principles_and_can_only_tighten_completion ... ok
test project::tests::a_relative_protocol_source_is_still_accepted ... ok
test audit::tests::causation_serialises_with_its_kind_tag ... ok
test command::tests::a_payload_field_the_protocol_does_not_define_is_rejected ... ok
test domain_event::tests::a_custom_event_keeps_its_data ... ok
test domain_event::tests::correlation_and_causation_survive_a_serde_round_trip ... ok
test project::tests::an_absolute_protocol_source_is_refused_however_it_is_spelt ... ok
test command::tests::every_command_round_trips_through_json_under_its_own_tag ... ok
test evidence::tests::an_artifact_evidence_record_can_be_written_in_a_document_at_all ... ok
test project::tests::a_git_protocol_source_is_a_repository_pinned_to_one_full_commit ... ok
test project::tests::a_minimal_project_file_names_only_what_it_must ... ok
test project::tests::a_project_that_names_no_store_keeps_its_plan_in_markdown ... ok
test project::tests::an_absolute_path_is_refused ... ok
test project::tests::an_absolute_schema_registry_is_refused ... ok
test event::tests::events_serialise_with_a_stable_tag ... ok
test project::tests::a_git_protocol_source_without_an_immutable_revision_is_refused ... ok
test project::tests::a_sqlite_store_is_a_relative_path_resolved_against_engineering ... ok
test project::tests::an_unknown_key_is_refused_rather_than_ignored ... ok
test project::tests::an_unknown_format_version_is_refused_rather_than_guessed ... ok
test project::tests::paths_resolve_against_the_engineering_directory ... ok
test project::tests::v5_refuses_an_eventlog_store_and_eventlog_identities_naming_v5 ... ok
test project::tests::an_event_log_store_is_refused_alone_naming_how_to_migrate_it ... ok
test project::tests::the_protocol_tree_may_live_outside_the_project_without_being_named_absolutely ... ok
test evidence::tests::a_trace_record_round_trips_through_the_document_form_the_engine_reads ... ok
test requirement::tests::a_bare_list_is_read_as_predicates ... ok
test project::tests::a_git_store_is_refused_before_v5 ... ok
test project::tests::a_v5_project_selects_the_git_native_store_at_its_fixed_paths ... ok
test project::tests::a_hybrid_missing_a_word_is_refused_naming_the_word ... ok
test project::tests::v5_requires_a_planning_scope ... ok
test project::tests::an_unknown_key_under_store_git_is_refused ... ok
test requirement::tests::a_horizon_is_read_from_the_document_in_the_spellings_the_convention_uses ... ok
test project::tests::a_complete_hybrid_carries_its_words_and_both_halves ... ok
test project::tests::a_hybrid_word_the_runtime_does_not_know_is_refused_naming_the_field_and_the_words ... ok
test project::tests::an_eventlog_selector_under_v1_is_refused_rather_than_read ... ok
test requirement::tests::a_horizon_that_cannot_be_checked_refuses_rather_than_passing ... ok
test domain_event::tests::every_payload_builds_an_envelope_that_validates ... ok
test protocol::tests::rejects_an_unsupported_major_version ... ok
test requirement::tests::a_pinned_edge_and_an_unpinned_declaration_are_the_same_work ... ok
test protocol::tests::rejects_evidence_no_declared_verifier_can_establish ... ok
test protocol::tests::the_spellings_adp_declares_for_transcript_conformance_are_the_ones_the_enum_holds ... ok
test protocol::tests::a_floor_wider_than_the_grant_is_not_answered_by_denying_a_slice_of_it ... ok
test protocol::tests::a_broad_read_beside_the_denial_the_floor_asked_for_is_not_refused ... ok
test requirement::tests::a_nested_advisory_row_is_owned_by_whoever_declared_it ... ok
test protocol::tests::accepts_a_self_contained_protocol ... ok
test requirement::tests::a_requirement_without_a_horizon_is_untouched_by_the_clock ... ok
test requirement::tests::a_relation_target_nothing_binds_to_is_refused_by_name ... ok
test requirement::tests::a_bound_requirement_reads_unknown_and_names_what_the_task_is_about ... ok
test requirement::tests::a_rejected_artifact_is_false_rather_than_merely_unobserved ... ok
test protocol::tests::a_derived_protocol_may_add_to_the_floor_but_not_escape_it ... ok
test protocol::tests::extension_adds_to_the_base_vocabulary_without_removing_anything ... ok
test requirement::tests::an_observation_exactly_its_horizon_old_still_satisfies_the_requirement ... ok
test requirement::tests::an_observation_past_its_horizon_reads_unknown_and_names_the_horizon_and_the_date ... ok
test requirement::tests::a_stale_revision_outranks_a_lapsed_observation_because_it_is_the_worse_news ... ok
test requirement::tests::a_specification_bound_to_the_task_refuses_another_storys_approved_one ... ok
test requirement::tests::a_task_that_declares_no_work_satisfies_no_bound_requirement ... ok
test requirement::tests::an_unbound_relation_serialises_exactly_as_it_did ... ok
test requirement::tests::an_unrecognised_mapping_key_becomes_a_fact_predicate ... ok
test requirement::tests::an_advisory_requirement_is_checked_and_reported_and_does_not_block ... ok
test requirement::tests::an_artifact_requirement_reads_the_kind_hierarchy_and_status_ladder ... ok
test requirement::tests::an_advisory_tier_cannot_be_declared_without_an_owner_or_an_exit_criterion ... ok
test requirement::tests::missing_evidence_is_unknown_and_agent_evidence_does_not_count_as_independent ... ok
test requirement::tests::conditional_requirements_apply_only_when_the_condition_holds ... ok
test requirement::tests::one_edge_has_to_satisfy_both_halves_of_a_bound_relation ... ok
test review::tests::a_review_outcome_reads_and_writes_the_three_words_it_was_recorded_with ... ok
test review::tests::a_revision_bound_artifact_needs_a_versioned_review ... ok
test requirement::tests::reports_list_every_unmet_requirement_with_a_reason ... ok
test requirement::tests::the_bound_declaration_survives_a_round_trip ... ok
test review::tests::an_approval_of_version_three_does_not_cover_version_seven ... ok
test requirement::tests::the_same_requirement_blocks_when_it_is_not_advisory ... ok
test review::tests::blocking_findings_defeat_an_approval ... ok
test requirement::tests::conformance_evidence_from_an_older_revision_does_not_satisfy_a_current_requirement ... ok
test time::tests::a_date_maps_to_midnight_utc_on_that_day ... ok
test time::tests::a_date_that_is_today_at_utc_plus_fourteen_is_not_in_the_future_and_tomorrow_everywhere_is ... ok
test task::tests::rejects_an_unparsable_artifact_reference ... ok
test time::tests::a_date_without_zero_padding_is_refused_rather_than_guessed ... ok
test time::tests::a_date_the_calendar_does_not_have_is_refused_by_name ... ok
test time::tests::a_horizon_over_an_observation_that_is_not_at_midnight_is_exact_to_the_instant ... ok
test time::tests::a_horizon_that_is_a_phrase_is_not_a_horizon ... ok
test requirement::tests::the_revision_binding_leaves_alone_what_it_says_nothing_about ... ok
test task::tests::parses_the_documented_task_shape ... ok
test task::tests::task_facts_include_the_kind_and_declared_constraints ... ok
test time::tests::an_instant_is_spelled_as_iso_8601_in_utc ... ok
test time::tests::an_observation_exactly_its_horizon_old_is_still_covered ... ok
test time::tests::an_observation_in_the_future_is_recognised_rather_than_aged_backwards ... ok
test time::tests::the_corpus_reference_date_is_seven_days_after_its_boundary_observation ... ok
test time::tests::every_date_in_the_corpus_survives_the_round_trip_through_an_instant ... ok
test requirement::tests::a_specification_with_no_recorded_digest_is_conformed_to_by_nothing ... ok
test time::tests::the_epoch_spelling_keeps_the_exact_comparison_a_day_does_not_get ... ok
test time::tests::the_horizon_token_is_read_in_every_spelling_the_corpus_uses ... ok
test time::tests::the_parser_accepts_every_spelling_the_published_pattern_describes ... ok
test verification::tests::a_seed_is_taken_in_whatever_spelling_its_tool_uses ... ok
test verification::tests::a_seed_nobody_could_act_on_is_refused ... ok
test time::tests::the_two_spellings_name_one_instant_and_are_not_one_claim ... ok
test verification::tests::a_trace_checker_is_a_named_class_and_not_an_external_tool ... ok
test verification::tests::inconclusive_is_not_a_pass ... ok
test verification::tests::unknown_verifiers_become_external_tools ... ok
test requirement::tests::a_stale_approval_does_not_satisfy_a_fresh_review_requirement ... ok
test version::tests::distinguishes_a_version_suffix_from_a_namespaced_id ... ok
test version::tests::parses_protocol_refs ... ok
test version::tests::protocol_refs_require_a_version ... ok
test version::tests::rejects_zero_versions ... ok
test version::tests::unpinned_refs_accept_any_version ... ok
test workspace::tests::a_name_that_could_not_be_a_namespace_is_refused ... ok
test workspace::tests::a_git_member_has_no_store_path_until_something_materializes_it ... ok
test workspace::tests::a_member_takes_the_default_store_and_keeps_the_order_it_was_written_in ... ok
test workspace::tests::a_qualified_reference_is_never_ambiguous_however_many_members_hold_the_name ... ok
test workspace::tests::a_reference_into_a_member_that_does_not_hold_it_is_absent_rather_than_falling_back ... ok
test workspace::tests::a_reference_may_name_a_member_or_leave_it_to_where_it_was_written ... ok
test workspace::tests::a_pinned_git_member_is_accepted_and_an_unpinned_one_is_not ... ok
test workspace::tests::a_reference_naming_two_members_is_refused ... ok
test workspace::tests::a_slash_after_the_colon_is_part_of_the_name_and_not_a_member ... ok
test workspace::tests::a_relative_member_resolves_its_store_under_the_engineering_directory ... ok
test workspace::tests::a_workspace_with_no_members_is_refused_rather_than_read_as_empty ... ok
test workspace::tests::an_unqualified_reference_held_by_two_members_is_ambiguous_rather_than_guessed ... ok
test workspace::tests::an_unqualified_reference_takes_the_member_it_was_written_in ... ok
test workspace::tests::a_store_that_leaves_the_members_tree_is_refused ... ok
test workspace::tests::an_unreadable_format_version_is_refused_by_name ... ok
test workspace::tests::two_members_cannot_share_a_name ... ok
test time::tests::the_schema_publishes_the_string_form_and_not_only_the_integer ... ok
test workflow::tests::reports_every_problem_in_one_pass ... ok
test workflow::tests::rejects_a_transition_to_a_state_that_does_not_exist ... ok
test workflow::tests::rejects_a_non_terminal_state_with_no_way_out ... ok
test workflow::tests::rejects_a_rollback_policy_that_does_not_say_what_it_needs ... ok
test workflow::tests::rejects_duplicate_transitions_between_the_same_states ... ok
test workflow::tests::rejects_an_unreachable_state_unless_it_is_declared_intentional ... ok
test workflow::tests::rejects_rollback_on_an_irreversible_state ... ok
test workflow::tests::accepts_a_well_formed_workflow_and_indexes_it ... ok

test result: ok. 300 passed; 0 failed; 0 ignored; 0 measured; 0 filtered out; finished in 0.02s

     Running tests/determinism.rs (target/debug/deps/determinism-a8b1767e722f10e3)

running 2 tests
test the_determinism_scan_sees_code_and_not_prose_and_not_operand ... ok
test the_domain_crate_reads_no_clock_no_randomness_and_no_unordered_map ... ok

test result: ok. 2 passed; 0 failed; 0 ignored; 0 measured; 0 filtered out; finished in 0.03s

     Running tests/ess_coverage_sources.rs (target/debug/deps/ess_coverage_sources-9f1152da04e54117)

running 3 tests
test coverage_requirement_cannot_use_zero_as_an_admission_bypass ... ok
test coverage_raw_transport_preserves_sources_without_projecting_admission ... ok
test coverage_context_free_match_cannot_qualify_raw_source_claims ... ok

test result: ok. 3 passed; 0 failed; 0 ignored; 0 measured; 0 filtered out; finished in 0.00s

     Running tests/ess_coverage_values.rs (target/debug/deps/ess_coverage_values-368ae9f10b0a80c4)

running 3 tests
test coverage_checked_constructor_refuses_profile_counts_order_selection_and_status_lies ... ok
test coverage_exact_fact_table_has_only_the_declared_paths_types_values_and_presence ... ok
test coverage_raw_admitted_cloned_replaced_failed_and_replayed_fact_transitions_are_exact ... ok

test result: ok. 3 passed; 0 failed; 0 ignored; 0 measured; 0 filtered out; finished in 0.01s

     Running tests/ess_v2_sources.rs (target/debug/deps/ess_v2_sources-76e509bebacc87e4)

running 1 test
test raw_source_transport_has_no_admitted_facts_or_model ... ok

test result: ok. 1 passed; 0 failed; 0 ignored; 0 measured; 0 filtered out; finished in 0.01s

     Running tests/ess_v2_time.rs (target/debug/deps/ess_v2_time-96d4f1b0ef9f063d)

running 2 tests
test actual_integer_observation_tokens_retain_full_u64 ... ok
test legacy_observed_at_scalar_and_calendar_controls ... ok

test result: ok. 2 passed; 0 failed; 0 ignored; 0 measured; 0 filtered out; finished in 0.00s

     Running tests/horizon_immutability.rs (target/debug/deps/horizon_immutability-c9eaffa5402866c0)

running 4 tests
test the_extractors_see_the_constructs_they_exist_to_refuse ... ok
test an_evidence_record_has_no_horizon_field_for_anything_to_mutate ... ok
test no_shipped_code_assigns_to_a_horizon_after_it_has_been_read_from_a_document ... ok
test no_shipped_code_offers_an_operation_that_mutates_a_horizon_in_place ... ok

test result: ok. 4 passed; 0 failed; 0 ignored; 0 measured; 0 filtered out; finished in 0.09s

     Running tests/invariants.rs (target/debug/deps/invariants-c3d575ecc3a2a111)

running 3 tests
test the_scan_reads_derives_and_impls_and_not_the_prose_about_them ... ok
test every_raw_document_type_is_checked_against_its_validated_counterpart ... ok
test a_validated_document_type_cannot_be_deserialised_straight_off_the_wire ... ok

test result: ok. 3 passed; 0 failed; 0 ignored; 0 measured; 0 filtered out; finished in 0.22s

     Running tests/safety_envelope.rs (target/debug/deps/safety_envelope-bfbb24456c56daee)

running 3 tests
test a_refused_approval_projects_a_grant_fact_that_is_false ... ok
test a_recorded_refusal_does_not_satisfy_the_approval_it_was_recorded_against ... ok
test a_floor_on_production_deployment_catches_a_profile_that_grants_every_environment ... ok

test result: ok. 3 passed; 0 failed; 0 ignored; 0 measured; 0 filtered out; finished in 0.33s

     Running tests/truth_laws.rs (target/debug/deps/truth_laws-105d371c016c13a9)

running 7 tests
test negation_is_an_involution ... ok
test conjunction_and_disjunction_commute ... ok
test conjunction_and_disjunction_associate ... ok
test each_operation_distributes_over_the_other ... ok
test de_morgan_holds_in_both_directions ... ok
test only_true_permits_and_composition_cannot_widen_it ... ok
test identities_annihilators_idempotence_and_absorption ... ok

test result: ok. 7 passed; 0 failed; 0 ignored; 0 measured; 0 filtered out; finished in 0.20s

     Running unittests src/lib.rs (target/debug/deps/aep_driver-4c6fac420d15e1d1)

running 7 tests
test attest::tests::a_harness_a_tool_and_a_verifier_never_approve ... ok
test attest::tests::a_named_agent_is_admitted_and_an_unnamed_one_is_refused_naming_the_flag ... ok
test attest::tests::an_execution_id_that_cannot_be_spelled_as_an_actor_declares_none ... ok
test attest::tests::naming_a_person_the_system_a_service_or_the_run_itself_is_refused_at_launch ... ok
test attest::tests::the_actor_a_session_writes_under_is_the_actor_its_own_approval_is_refused_under ... ok
test attest::tests::the_admissible_line_names_the_flag_or_the_named_agent ... ok
test attest::tests::the_runs_own_actor_is_refused_even_when_it_was_named ... ok

test result: ok. 7 passed; 0 failed; 0 ignored; 0 measured; 0 filtered out; finished in 0.00s

     Running tests/approvals.rs (target/debug/deps/approvals-73836d56337c66bd)

running 3 tests
test a_conditional_whose_guard_is_false_contributes_nothing ... ok
test a_human_approval_on_a_transition_and_one_nested_two_levels_deep_are_both_reachable ... ok
test a_command_step_reaching_a_gated_capability_is_reported_with_the_step_that_reaches_it ... ok

test result: ok. 3 passed; 0 failed; 0 ignored; 0 measured; 0 filtered out; finished in 0.95s

     Running tests/attested.rs (target/debug/deps/attested-c71658f39beada5b)

running 8 tests
test a_person_is_admitted_without_being_named_and_whoever_else_was_named ... ok
test with_an_approver_named_a_resume_that_found_nothing_recorded_stops_again ... ok
test a_person_who_recorded_nothing_still_walks_on_and_the_report_says_the_record_holds_nobodys_answer ... ok
test an_approval_by_an_agent_nobody_named_stops_the_run_again_and_names_who_would_be_admissible ... ok
test the_runs_own_actor_cannot_answer_its_own_operator_step_even_when_it_was_named ... ok
test the_execution_a_step_is_told_it_is_is_the_actor_whose_approval_the_run_refuses ... ok
test a_persons_recorded_approval_answers_the_step_without_being_named ... ok
test the_named_agents_approval_recorded_while_the_run_was_stopped_answers_the_step_and_the_cursor_says_so ... ok

test result: ok. 8 passed; 0 failed; 0 ignored; 0 measured; 0 filtered out; finished in 1.68s

     Running tests/coverage.rs (target/debug/deps/coverage-b2646035bf8f1ea1)

running 9 tests
test a_requirement_on_a_state_nothing_can_walk_into_refuses_nothing ... ok
test a_demand_pinning_a_verifier_no_step_names_warns_rather_than_refusing ... ok
test a_conditional_the_task_ruled_out_demands_nothing_and_an_unobserved_one_still_does ... ok
test a_record_only_a_person_can_produce_is_a_warning_and_never_a_refusal ... ok
test a_map_that_declares_every_demanded_kind_launches ... ok
test the_cargo_map_can_produce_every_kind_a_feature_tasks_plan_demands ... ok
test the_gap_that_cost_thirty_one_dollars_is_named_before_a_single_step_runs ... ok
test a_task_that_declares_no_code_change_is_not_refused_for_contract_or_property_evidence ... ok
test the_checks_map_still_reports_the_gap_the_governed_run_measured_and_nothing_more ... ok

test result: ok. 9 passed; 0 failed; 0 ignored; 0 measured; 0 filtered out; finished in 1.08s

     Running tests/determinism.rs (target/debug/deps/determinism-e2d19dbb4e511050)

running 11 tests
test the_scan_bans_process_spawning_anywhere_in_the_crate_not_only_in_the_lock_module ... ok
test the_scan_sees_an_ambient_environment_read_in_both_spellings ... ok
test each_environment_spelling_is_load_bearing_on_a_line_the_other_cannot_see ... ok
test every_banned_token_is_pinned_by_a_sample_no_other_token_matches ... ok
test the_scan_refuses_an_ambient_read_however_the_module_reached_the_file ... ok
test the_scan_sees_a_real_violation_and_ignores_prose_and_substrings ... ok
test a_data_directory_under_src_is_not_a_module_the_walk_failed_to_enter ... ok
test the_walk_descends_into_a_module_directory_and_reads_what_it_finds ... ok
test the_module_walk_follows_a_path_attribute_out_of_the_directory_a_tree_walk_can_see ... ok
test the_walk_descends_further_than_the_one_level_it_is_proved_on ... ok
test the_router_holds_no_unordered_map_and_reads_no_clock_or_environment_and_spawns_nothing ... ok

test result: ok. 11 passed; 0 failed; 0 ignored; 0 measured; 0 filtered out; finished in 0.07s

     Running tests/driving.rs (target/debug/deps/driving-1e16f5cc795327be)

running 18 tests
test a_run_directory_that_is_not_shaped_like_a_run_id_is_refused_rather_than_guessed_at ... ok
test a_spend_ceiling_stops_the_run_without_consuming_a_steps_retry_budget ... ok
test an_operator_step_pauses_a_run_that_may_pause_and_is_refused_by_one_that_may_not ... ok
test an_artifact_a_step_created_is_counted_by_the_next_evaluation ... ok
test a_dependency_that_keeps_failing_stops_being_attempted ... ok
test a_command_step_that_produced_no_verdict_submits_nothing_and_changes_nothing ... ok
test a_step_that_spends_its_retry_budget_leaves_a_resumable_run_and_the_engines_own_reasons ... ok
test a_generation_pointer_never_exposes_a_mixed_or_tampered_pair ... ok
test a_store_with_one_unparseable_file_stops_the_run_with_its_fact_base_unchanged ... ok
test a_complete_legacy_pair_migrates_and_a_partial_pair_is_refused ... ok
test an_open_circuit_survives_resume_and_prevents_another_dispatch ... ok
test a_resume_refuses_every_moved_pin_on_a_snapshot_the_engine_would_have_accepted ... ok
test a_retried_step_that_then_succeeded_keeps_its_first_attempt_in_the_cursor ... ok
test a_resumed_run_does_not_ask_the_person_again_and_carries_on_from_the_step_after ... ok
test a_run_over_two_states_advances_and_the_report_names_both_moves ... ok
test an_unresolved_attempt_requires_its_exact_id_before_any_repeat ... ok
test an_llm_steps_refused_call_is_in_the_engines_own_record ... ok
test a_failing_suite_is_routed_by_the_engine_and_the_visit_budget_ends_the_cycle ... ok

test result: ok. 18 passed; 0 failed; 0 ignored; 0 measured; 0 filtered out; finished in 2.33s

     Running tests/evidence_scan.rs (target/debug/deps/evidence_scan-34b5bd4590fe2ca9)

running 2 tests
test the_scan_reads_constructions_and_not_patterns_or_prose ... ok
test the_driver_mints_no_approval_and_signs_as_no_person ... ok

test result: ok. 2 passed; 0 failed; 0 ignored; 0 measured; 0 filtered out; finished in 0.07s

     Running tests/routing.rs (target/debug/deps/routing-1458cc51e52f0fe4)

running 12 tests
test a_lock_held_on_another_host_is_never_stale_whatever_the_local_pid_table_says ... ok
test a_live_holder_is_refused_and_take_lock_is_refused_with_it ... ok
test a_dead_holder_is_stale_and_still_refused_until_a_person_says_take_it ... ok
test every_refusal_names_the_holders_state_beside_its_run_pid_host_and_liveness ... ok
test a_holder_whose_state_could_not_be_read_is_said_to_be_unknown_rather_than_left_out ... ok
test a_lock_state_written_before_the_state_field_still_reads_and_an_absent_state_writes_no_key ... ok
test the_lock_module_still_reads_nothing_about_the_machine_it_runs_on ... ok
test the_driver_crate_never_opens_the_lock_file_it_is_told_about ... ok
test a_cursor_pointing_past_the_end_of_a_shortened_list_reports_no_steps_left ... ok
test the_router_walks_a_states_steps_in_order_and_then_asks_the_engine_to_move ... ok
test a_state_entered_past_its_visit_budget_stops_the_run_rather_than_running_its_steps_again ... ok
test a_state_the_map_says_nothing_about_transitions_immediately ... ok

test result: ok. 12 passed; 0 failed; 0 ignored; 0 measured; 0 filtered out; finished in 0.30s

     Running tests/shell_echo.rs (target/debug/deps/shell_echo-731e94729c8d1c08)

running 6 tests
test no_subagent_spawner_is_rendered_however_much_the_policy_admits ... ok
test a_shell_is_rendered_exactly_when_command_execute_is_admitted_and_never_otherwise ... ok
test a_second_llm_executor_that_is_a_real_subprocess_walks_the_published_map_to_completion ... ok
test the_shared_tool_config_renders_into_this_harnesss_own_names_and_never_into_claude_codes ... ok
test the_claude_code_adapter_refuses_the_dialect_this_files_own_reader_understands ... ok
test a_transcript_no_claude_code_wrote_is_checked_and_mints_a_trace_conformance_record ... ok

test result: ok. 6 passed; 0 failed; 0 ignored; 0 measured; 0 filtered out; finished in 1.64s

     Running tests/tool_config.rs (target/debug/deps/tool_config-b144a064aac91794)

running 6 tests
test every_simple_capability_is_a_candidate_and_the_scoped_ones_ask_about_production ... ok
test an_empty_policy_offers_nothing_and_the_two_constant_answers_stand ... ok
test a_capability_that_was_never_granted_is_no_tool_and_a_denied_one_is_not_either ... ok
test a_wide_allow_entry_does_not_hand_out_a_narrowly_gated_deploy ... ok
test a_denied_private_read_takes_the_web_tools_away_from_a_profile_that_grants_the_broad_read ... ok
test a_capability_held_in_all_three_sets_at_once_is_handed_over_as_no_tool ... ok

test result: ok. 6 passed; 0 failed; 0 ignored; 0 measured; 0 filtered out; finished in 0.05s

     Running unittests src/lib.rs (target/debug/deps/aep_driver_spec-86c80f031f8f6e65)

running 36 tests
test cursor::tests::a_budget_exhausted_run_is_resumable_and_a_completed_one_is_not ... ok
test cursor::tests::a_run_id_round_trips_through_its_written_form ... ok
test map::tests::an_empty_map_is_refused ... ok
test map::tests::a_well_formed_circuit_breaker_loads ... ok
test map::tests::a_step_that_declares_neither_is_unchanged_and_claims_nothing ... ok
test cursor::tests::a_moved_workflow_map_digest_or_engine_refuses_a_resume ... ok
test map::tests::a_wrong_format_version_is_refused ... ok
test map::tests::a_circuit_breaker_that_cannot_work_is_refused_at_load ... ok
test map::tests::a_scope_rule_about_no_path_is_refused ... ok
test map::tests::a_step_may_declare_the_files_it_is_given_and_where_it_may_write ... ok
test map::tests::a_scope_whose_last_rule_is_not_a_catch_all_is_refused ... ok
test map::tests::a_kind_no_exit_status_can_carry_loads_when_the_verifier_writes_the_record ... ok
test map::tests::a_transcript_placeholder_with_no_session_before_it_is_refused ... ok
test digest::tests::canonical_json_sorts_keys_so_field_order_cannot_reach_the_digest ... ok
test map::tests::a_placeholder_nothing_expands_is_refused_and_a_brace_that_is_not_one_is_left_alone ... ok
test map::tests::an_llm_step_has_nowhere_to_put_evidence ... ok
test map::tests::an_unpinned_workflow_is_refused ... ok
test map::tests::a_map_validates_and_carries_its_pin ... ok
test digest::tests::a_digest_is_sixty_four_lowercase_hex_characters ... ok
test map::tests::context_is_a_list_of_files_and_a_glob_is_refused_by_name ... ok
test map::tests::four_broken_steps_report_four_errors ... ok
test map::tests::retry_budgets_are_per_step_kind ... ok
test pin::tests::a_pin_accepts_only_its_own_major ... ok
test pin::tests::a_pinned_reference_validates_and_keeps_its_spelling ... ok
test pin::tests::an_unpinned_reference_is_refused_with_a_code_and_a_repair ... ok
test pin::tests::the_published_pattern_requires_the_version_group_the_reference_type_leaves_optional ... ok
test map::tests::the_task_document_can_be_named_and_a_misspelling_is_offered_all_three_names ... ok
test map::tests::the_digest_ignores_a_reordered_document_and_moves_with_a_changed_step ... ok
test tool::tests::the_two_constant_answers_are_stated_rather_than_computed ... ok
test cursor::tests::a_cursor_round_trips_through_json ... ok
test tool::tests::membership_is_exact_so_a_wide_entry_does_not_admit_a_narrow_one ... ok
test map::tests::an_external_tool_verifier_loads_where_a_named_one_would_be_refused ... ok
test map::tests::a_named_verifier_that_cannot_produce_the_kind_is_refused_at_load ... ok
test map::tests::a_renamed_state_and_a_moved_major_accumulate_rather_than_short_circuit ... ok
test cursor::tests::a_cursor_written_before_operator_answers_were_recorded_still_reads_and_owes_nothing ... ok
test map::tests::an_evidence_kind_the_protocol_in_force_does_not_declare_is_refused_at_run_start ... ok

test result: ok. 36 passed; 0 failed; 0 ignored; 0 measured; 0 filtered out; finished in 0.15s

     Running tests/determinism.rs (target/debug/deps/determinism-1372d47c786e2578)

running 2 tests
test the_scan_sees_a_real_violation_and_ignores_prose_and_substrings ... ok
test the_step_map_and_the_cursor_hold_no_unordered_map_and_read_no_clock ... ok

test result: ok. 2 passed; 0 failed; 0 ignored; 0 measured; 0 filtered out; finished in 0.02s

     Running tests/invariants.rs (target/debug/deps/invariants-c9cc62992d827836)

running 2 tests
test the_scan_sees_both_answers_on_synthetic_samples ... ok
test a_validated_type_never_deserialises_and_its_raw_counterpart_always_does ... ok

test result: ok. 2 passed; 0 failed; 0 ignored; 0 measured; 0 filtered out; finished in 0.03s

     Running tests/phase_two_run_start.rs (target/debug/deps/phase_two_run_start-d7c771ffcf6ea2cd)

running 4 tests
test a_resolved_workflow_at_a_major_the_map_does_not_pin_is_refused_at_run_start_too ... ok
test four_steps_naming_kinds_the_protocol_does_not_declare_report_four_refusals ... ok
test the_kind_compared_is_the_one_the_step_declares_and_the_step_refused_is_the_one_that_named_it ... ok
test an_external_tool_is_exempt_at_load_and_its_kind_is_still_checked_at_run_start ... ok

test result: ok. 4 passed; 0 failed; 0 ignored; 0 measured; 0 filtered out; finished in 0.61s

     Running tests/published_pattern_evaluated.rs (target/debug/deps/published_pattern_evaluated-67cf4081a671bb03)

running 18 tests
test the_interpreter_reads_the_constructs_these_patterns_are_made_of ... ok
test the_open_fact_pattern_divergence_reaches_no_observable_a_protocol_ships ... ok
test the_pin_pattern_admits_exactly_the_identifiers_the_workflow_pattern_admits ... ok
test the_published_pattern_requires_a_version_of_every_string_it_accepts ... ok
test every_reference_the_published_pattern_accepts_is_one_the_parser_accepts ... ok
test the_published_pattern_and_the_constructor_agree_on_the_empty_string ... ok
test the_longest_string_each_constructor_takes_is_one_its_published_rule_takes ... ok
test no_pin_the_published_pattern_calls_valid_is_one_the_loader_refuses_past_the_length_bound ... ok
test the_numeric_tail_rule_is_expressible_as_a_pattern ... ok
test every_identifier_the_loader_takes_is_one_the_published_pattern_takes ... ok
test every_published_identifier_pattern_agrees_with_its_constructor_at_the_length_bound ... ok
test every_published_open_vocabulary_pattern_accepts_exactly_what_its_parser_accepts ... ok
test every_published_reference_rule_agrees_with_its_parser_at_the_length_bound ... ok
test every_rule_in_the_census_is_measured_by_the_corpus_the_census_runs_over ... ok
test no_pin_the_published_pattern_calls_valid_is_one_the_loader_refuses ... ok
test every_published_identifier_pattern_accepts_exactly_what_its_constructor_accepts ... ok
test every_published_identifier_rule_accepts_exactly_what_its_constructor_accepts_in_its_own_shape ... ok
test the_open_entity_and_event_type_divergence_reaches_no_generated_schema ... ok

test result: ok. 18 passed; 0 failed; 0 ignored; 0 measured; 0 filtered out; finished in 0.42s

     Running unittests src/lib.rs (target/debug/deps/aep_engine-3ea925c537716156)

running 55 tests
test clock::tests::a_fixed_clock_never_moves ... ok
test clock::tests::a_stepping_clock_moves_by_its_step ... ok
test clock::tests::the_system_clock_is_after_2020 ... ok
test execution::tests::starts_in_the_workflows_initial_state ... ok
test policy::tests::a_capability_nobody_granted_is_refused_with_what_is_missing ... ok
test engine::tests::a_fact_observed_of_one_thing_does_not_move_another ... ok
test engine::tests::once_a_task_says_what_it_is_about_evidence_may_not_stay_silent ... ok
test engine::tests::rejects_evidence_the_protocol_does_not_declare ... ok
test engine::tests::a_blocked_transition_says_what_is_missing_and_records_it ... ok
test execution::tests::a_snapshot_from_another_task_is_refused ... ok
test engine::tests::a_refused_action_is_recorded_with_the_rule_that_refused_it ... ok
test execution::tests::the_first_test_result_is_remembered_after_a_later_pass ... ok
test policy::tests::a_denied_capability_cannot_be_unlocked_by_an_approval ... ok
test engine::tests::evidence_about_the_declared_subject_is_admitted ... ok
test engine::tests::a_refused_approval_enters_the_audit_trail_as_a_refusal ... ok
test engine::tests::a_task_that_declares_no_subject_is_unchanged ... ok
test engine::tests::explains_completion_as_a_checklist ... ok
test execution::tests::a_refused_approval_is_not_counted_among_the_granted_ones ... ok
test execution::tests::submission_order_is_observable_so_ordering_rules_are_checkable ... ok
test execution::tests::counts_unmet_evidence_requirements_without_consulting_predicates ... ok
test policy::tests::a_refused_approval_matched_by_its_identifier_unlocks_nothing_either ... ok
test engine::tests::reports_other_permitted_transitions_rather_than_hiding_the_choice ... ok
test engine::tests::walks_a_workflow_from_start_to_completion ... ok
test policy::tests::a_state_grant_cannot_get_past_the_protocols_approval_floor ... ok
test policy::tests::an_approval_recorded_as_evidence_unlocks_the_capability ... ok
test resolve::tests::a_principle_can_take_a_capability_away_and_the_reason_is_recorded ... ok
test policy::tests::an_allowed_action_is_allowed_and_says_which_document_granted_it ... ok
test policy::tests::a_reviewer_who_refuses_a_production_change_has_not_thereby_permitted_it ... ok
test policy::tests::deploying_to_an_environment_nobody_granted_is_not_granted ... ok
test resolve::tests::a_profile_extending_another_inherits_its_workflow_and_tightens_completion ... ok
test resolve::tests::a_profile_that_forgot_the_private_denial_is_refused_by_the_floor ... ok
test resolve::tests::a_resolved_plan_denies_the_private_read_the_profile_denied ... ok
test resolve::tests::rejects_an_obligation_timed_against_a_phase_no_state_declares ... ok
test resolve::tests::a_task_cannot_need_a_capability_the_policy_denies ... ok
test resolve::tests::rejects_an_unknown_principle ... ok
test resolve::tests::records_every_dropped_principle ... ok
test resolve::tests::a_removal_that_does_nothing_is_an_error ... ok
test resolve::tests::rejects_a_completion_condition_reading_an_unobservable_fact ... ok
test trail::tests::a_blocked_transition_is_audited_with_what_was_missing ... ok
test policy::tests::production_write_is_refused_and_names_the_rule_that_refused_it ... ok
test resolve::tests::a_task_may_name_the_base_protocol_its_profile_refines ... ok
test resolve::tests::an_added_principle_joins_the_obligations ... ok
test trail::tests::a_command_issued_during_an_execution_inherits_its_activity ... ok
test resolve::tests::rejects_a_task_whose_protocol_the_profile_does_not_refine ... ok
test trail::tests::a_refused_action_becomes_an_audit_record_naming_the_rule ... ok
test trail::tests::bookkeeping_events_do_not_become_audit_records ... ok
test policy::tests::an_approval_may_also_be_matched_by_its_identifier ... ok
test resolve::tests::a_principle_whose_condition_excludes_the_task_is_not_in_force ... ok
test trail::tests::evidence_and_transitions_are_recorded_with_the_execution_and_task ... ok
test resolve::tests::refuses_to_grant_production_write_outright ... ok
test trail::tests::evidence_stored_as_an_entity_is_pointed_at_rather_than_copied ... ok
test resolve::tests::resolves_a_task_into_a_plan ... ok
test trail::tests::the_trail_is_identical_across_replays ... ok
test engine::tests::replays_identically_under_a_fixed_clock ... ok
test execution::tests::a_snapshot_round_trips_through_a_freshly_resolved_plan ... ok

test result: ok. 55 passed; 0 failed; 0 ignored; 0 measured; 0 filtered out; finished in 1.74s

     Running tests/adopting_guide.rs (target/debug/deps/adopting_guide-8a4b03010262e62d)

running 3 tests
test pointing_at_a_tree_merges_principles_and_profiles_and_nothing_else ... ok
test the_guides_owned_tree_example_loads_and_the_teams_own_ladder_is_in_force ... ok
test without_the_two_redirects_the_owned_tree_is_refused_exactly_as_the_guide_shows ... ok

test result: ok. 3 passed; 0 failed; 0 ignored; 0 measured; 0 filtered out; finished in 1.70s

     Running tests/contract_gate.rs (target/debug/deps/contract_gate-c1c429b54503f289)

running 2 tests
test a_run_that_never_heard_from_a_contract_runner_does_not_enter_review_by_saying_nothing ... ok
test a_breaking_record_does_not_reach_review_and_a_red_one_does ... ok

test result: ok. 2 passed; 0 failed; 0 ignored; 0 measured; 0 filtered out; finished in 2.04s

     Running tests/document_tree_order.rs (target/debug/deps/document_tree_order-4583764639e9df1c)

running 1 test
test a_repository_with_no_drivers_directory_loads_exactly_as_before ... ok

test result: ok. 1 passed; 0 failed; 0 ignored; 0 measured; 0 filtered out; finished in 1.01s

     Running tests/document_tree_order_adversarial.rs (target/debug/deps/document_tree_order_adversarial-e8abe9689e9384cf)

running 6 tests
test drivers_is_the_last_row_of_the_loaders_table ... ok
test the_table_holds_one_row_for_every_kind_the_loader_accepts ... ok
test the_walk_reads_every_row_of_the_table_in_the_order_it_is_written ... ok
test a_dot_prefixed_file_under_drivers_is_not_a_step_map ... ok
test a_dot_prefixed_directory_under_drivers_is_not_descended_into ... ok
test a_drivers_directory_that_yields_no_documents_loads_like_one_that_is_absent ... ok

test result: ok. 6 passed; 0 failed; 0 ignored; 0 measured; 0 filtered out; finished in 0.78s

     Running tests/documents.rs (target/debug/deps/documents-45c4a7a1130f3105)

running 7 tests
test the_document_tree_loads_and_is_internally_consistent ... ok
test a_task_that_declares_no_code_change_owes_no_contract_or_property_evidence ... ok
test the_approval_floor_is_in_force_for_every_shipped_profile ... ok
test every_profile_resolves_for_a_task_of_its_kind ... ok
test a_development_task_can_be_walked_to_completion_with_evidence ... ok
test a_profile_that_grants_production_outright_is_refused_under_every_protocol ... ok
test a_task_that_declares_nothing_still_owes_contract_and_property_evidence ... ok

test result: ok. 7 passed; 0 failed; 0 ignored; 0 measured; 0 filtered out; finished in 0.92s

     Running tests/end_to_end.rs (target/debug/deps/end_to_end-54792086d4b3563b)

running 15 tests
test conformance_evidence_for_one_specification_does_not_satisfy_a_requirement_about_another ... ok
test changing_production_is_refused_and_names_the_rule_that_refused_it ... ok
test a_task_without_a_specification_owes_no_conformance ... ok
test completion_is_refused_with_the_missing_requirements_named ... ok
test a_conformance_run_against_an_older_revision_leaves_the_requirement_owed ... ok
test work_cannot_be_decomposed_before_a_specification_exists ... ok
test a_specification_governed_task_is_not_finished_until_something_else_says_it_conforms ... ok
test an_approval_of_design_version_three_does_not_cover_version_seven ... ok
test a_conditional_requirement_that_does_not_apply_is_not_counted_as_missing ... ok
test failing_contracts_send_the_work_back_to_implementation ... ok
test a_passing_test_submitted_before_any_code_fails_red_before_green ... ok
test the_example_walks_to_completion_on_its_own_evidence ... ok
test a_run_that_found_the_implementation_wrong_leaves_the_task_open_and_says_which_scenario ... ok
test the_example_documents_are_valid_and_resolve ... ok
test a_task_governed_by_a_specification_finishes_only_on_a_conformance_run_it_did_not_produce ... ok

test result: ok. 15 passed; 0 failed; 0 ignored; 0 measured; 0 filtered out; finished in 0.22s

     Running tests/evidence_horizons.rs (target/debug/deps/evidence_horizons-027bea3ce043d551)

running 8 tests
test past_its_horizon_the_requirement_reads_unknown_and_names_the_horizon_and_the_observation ... ok
test an_observation_in_the_future_is_refused_and_never_stored ... ok
test a_day_that_has_begun_somewhere_is_admitted_and_one_that_has_begun_nowhere_is_still_refused ... ok
test the_missing_count_and_the_requirement_outcome_agree_about_a_lapsed_record ... ok
test inside_its_horizon_a_test_run_satisfies_the_requirement_and_permits_the_transition ... ok
test the_transition_a_lapsed_record_used_to_permit_is_refused_rather_than_taken ... ok
test re_submitting_the_identical_record_restores_nothing_and_a_new_observation_does ... ok
test a_snapshot_restored_after_its_horizon_re_decays_from_the_same_bytes ... ok

test result: ok. 8 passed; 0 failed; 0 ignored; 0 measured; 0 filtered out; finished in 0.07s

     Running tests/evidence_scan.rs (target/debug/deps/evidence_scan-9363fab566629af4)

running 2 tests
test the_scan_reads_constructions_and_not_patterns_or_prose ... ok
test the_engine_constructs_no_evidence_payload_outside_its_test_modules ... ok

test result: ok. 2 passed; 0 failed; 0 ignored; 0 measured; 0 filtered out; finished in 0.04s

     Running tests/lifecycle_fallback.rs (target/debug/deps/lifecycle_fallback-9efc18c73a374578)

running 6 tests
test without_the_fallback_document_the_same_kind_is_governed_by_nothing ... ok
test a_second_kind_less_document_is_one_refusal_and_the_first_still_stands ... ok
test a_family_of_custom_kinds_shares_the_ladder_its_last_segment_names ... ok
test the_family_ladder_wins_over_the_fallback_and_the_fallback_answers_last ... ok
test a_kind_less_document_governs_every_kind_nothing_nearer_names ... ok
test the_fallback_makes_a_status_on_an_unregistered_kind_refusable ... ok

test result: ok. 6 passed; 0 failed; 0 ignored; 0 measured; 0 filtered out; finished in 0.02s

     Running tests/project_directory_env.rs (target/debug/deps/project_directory_env-e1a2e4d1e2e3cb33)

running 1 test
test the_environment_names_the_project_directory_and_nothing_else_is_a_project ... ok

test result: ok. 1 passed; 0 failed; 0 ignored; 0 measured; 0 filtered out; finished in 0.00s

     Running tests/task_scoped_artifacts.rs (target/debug/deps/task_scoped_artifacts-930f342e9413481a)

running 4 tests
test a_specification_naming_the_task_itself_counts_as_this_tasks ... ok
test the_tasks_own_approved_specification_opens_implementation ... ok
test another_storys_approved_specification_does_not_open_implementation ... ok
test a_task_that_declares_no_work_admits_no_storys_specification ... ok

test result: ok. 4 passed; 0 failed; 0 ignored; 0 measured; 0 filtered out; finished in 0.08s

     Running unittests src/lib.rs (target/debug/deps/aep_ess_evidence-2b963c031c72744f)

running 6 tests
test tests::a_passing_report_with_a_failed_scenario_is_refused ... ok
test tests::a_standalone_report_becomes_the_existing_aep_evidence_shape ... ok
test tests::an_unknown_report_version_is_refused_before_fields_are_interpreted ... ok
test count_json::tests::unsigned_scalars_cover_full_u64_without_large_outcome_allocations ... ok
test direct_response::tests::integer_spellings_are_checked_exactly_without_binary64_rounding ... ok
test tests::a_report_field_added_without_a_format_change_is_refused ... ok

test result: ok. 6 passed; 0 failed; 0 ignored; 0 measured; 0 filtered out; finished in 0.01s

     Running tests/count_reader_pass1.rs (target/debug/deps/count_reader_pass1-913b6b4dbaf8af36)

running 4 tests
test decoded_duplicate_keys_refuse_in_report_and_arbitrary_nested_payload ... ok
test closed_scenario_values_and_shapes_do_not_close_literal_payload_keys ... ok
test structural_and_textual_predicate_depth_share_the_frozen_limit ... ok
test count_tokens_remain_strict_while_legacy_payload_numbers_keep_their_grammar ... ok

test result: ok. 4 passed; 0 failed; 0 ignored; 0 measured; 0 filtered out; finished in 0.01s

     Running tests/counts.rs (target/debug/deps/counts-64a284b68073c1f6)

running 11 tests
test detailed_run_and_future_suite_refuse_before_interpreting_their_body ... ok
test source_readback_cannot_restore_or_retain_a_failed_admission ... ok
test exact_original_suite_bytes_and_selected_membership_are_required ... ok
test duplicate_and_unknown_closed_fields_refuse_even_inside_unused_metadata ... ok
test unsupported_format_profile_policy_and_coverage_reasons_are_distinct ... ok
test report_completion_tokens_are_exact_and_lexically_unsigned ... ok
test category_arithmetic_lists_and_producer_aggregates_are_checked ... ok
test original_suite_pairs_admit_with_exact_time_and_unknown_coverage ... ok
test frozen_predicate_depth_and_quantified_metadata_are_admitted_without_rewriting_bytes ... ok
test zero_and_mixed_terminal_selections_keep_each_profile_aggregate_truthful ... ok
test complete_frozen_step_shape_view_and_dependency_vocabulary_is_read_for_every_legacy_major ... ok

test result: ok. 11 passed; 0 failed; 0 ignored; 0 measured; 0 filtered out; finished in 0.03s

     Running tests/coverage.rs (target/debug/deps/coverage-7c9616cae5bbed33)

running 16 tests
test coverage_inherits_checked_suite_four_steps_predicates_and_dependencies ... ok
test coverage_outside_component_witness_is_complete_and_checked_without_erasing_refusal ... ok
test coverage_complete_original_selection_admits_as_passed_for_both_profiles ... ok
test coverage_inventory_membership_counts_origins_and_component_agree ... ok
test coverage_report_scalars_profiles_counts_and_terminal_ids_refuse_contradictions ... ok
test coverage_admission_retains_every_exact_unsigned_completion_boundary ... ok
test coverage_hashes_original_inner_bytes_and_preserves_open_payload_data ... ok
test coverage_refusal_occurrences_are_retained_and_never_counted_as_executions ... ok
test coverage_closed_original_transport_detects_duplicates_unknown_fields_and_versions ... ok
test coverage_filter_cannot_promote_unknown_erase_refusals_or_round_large_survivor_integers ... ok
test coverage_complete_multi_generation_lineage_is_admitted_before_the_child ... ok
test coverage_exact_scalars_counts_and_terminal_ids_refuse_contradictions ... ok
test coverage_parent_comparison_covers_surviving_steps_dependencies_provenance_and_inventory ... ok
test coverage_refusal_mapping_identity_scope_and_occurrence_order_are_checked ... ok
test coverage_authored_source_ownership_keeps_rejected_known_ids_and_all_causes ... ok
test coverage_flat_parent_lineage_has_no_artificial_chain_length_limit ... ok

test result: ok. 16 passed; 0 failed; 0 ignored; 0 measured; 0 filtered out; finished in 0.11s

     Running tests/coverage_adversary_pass1.rs (target/debug/deps/coverage_adversary_pass1-372b388cda5959b7)

running 4 tests
test parent_lineage_accepts_omitted_provenance_default ... ok
test parent_lineage_compares_payloads_in_inherited_number_domain ... ok
test parent_lineage_accepts_omitted_nested_defaults ... ok
test parent_lineage_preserves_real_changes_and_original_byte_controls ... ok

test result: ok. 4 passed; 0 failed; 0 ignored; 0 measured; 0 filtered out; finished in 0.02s

     Running tests/coverage_adversary_pass2.rs (target/debug/deps/coverage_adversary_pass2-7dcb857bc3c61ec3)

running 4 tests
test comparison_view_cannot_admit_unknown_or_new_modeled_vocabulary ... ok
test comparison_cannot_drop_predicate_children_or_quantified_conditions ... ok
test comparison_follows_inherited_scalar_parser_through_boolean_and_quantified_forms ... ok
test comparison_retains_fields_of_every_remaining_step_and_shape_variant ... ok

test result: ok. 4 passed; 0 failed; 0 ignored; 0 measured; 0 filtered out; finished in 0.06s

     Running tests/coverage_lineage.rs (target/debug/deps/coverage_lineage-16d934351e554972)

running 9 tests
test lineage_checks_unknown_fields_and_both_original_byte_references_before_comparison ... ok
test lineage_predicate_operands_follow_their_parser_inside_quantifiers ... ok
test lineage_preserves_elapsed_metadata_and_nonliteral_scenario_values ... ok
test lineage_preserves_predicate_types_order_operators_and_quantifier_identity ... ok
test lineage_keeps_integer_metadata_exact_at_every_numeric_owner ... ok
test lineage_preserves_meaningful_changes_at_every_default_boundary ... ok
test lineage_applies_every_inherited_optional_default_in_both_directions ... ok
test lineage_keeps_payload_map_membership_values_types_and_sequence_order ... ok
test lineage_uses_node_numbers_at_every_payload_owner_and_nested_container ... ok

test result: ok. 9 passed; 0 failed; 0 ignored; 0 measured; 0 filtered out; finished in 0.15s

     Running tests/direct_returns.rs (target/debug/deps/direct_returns-87c4912011582580)

running 15 tests
test direct_return_requires_the_preceding_invocation_and_matching_outcome ... ok
test direct_return_declarations_are_exact_reachable_and_finite ... ok
test direct_return_reader_keeps_unknown_fields_and_variants_closed ... ok
test direct_return_type_profile_is_explicitly_narrow ... ok
test direct_return_extension_does_not_reinterpret_allocated_intermediate_versions ... ok
test direct_return_expected_values_must_match_the_complete_authority ... ok
test direct_return_step_is_not_admitted_under_legacy_suite_versions ... ok
test direct_return_ordinary_suite_remains_nonqualifying_count_evidence ... ok
test direct_return_inventory_preserves_original_bytes_counts_and_exact_integers ... ok
test genuine_scalar_producer_suites_are_read_without_rewriting_their_bytes ... ok
test direct_return_inventory_is_not_inferred_from_passing_counts ... ok
test direct_return_pairing_and_report_integrity_remain_required ... ok
test direct_return_parent_comparison_does_not_round_integer_literals ... ok
test er_optional_text_and_text_lists_keep_null_and_ordered_duplicate_literals ... ok
test direct_return_literals_are_bounded_without_reusing_legacy_float_conversion ... ok

test result: ok. 15 passed; 0 failed; 0 ignored; 0 measured; 0 filtered out; finished in 0.24s

     Running tests/er_library_report.rs (target/debug/deps/er_library_report-4d4ef61ba1ad150c)

running 1 test
test the_complete_entity_runtime_library_run_is_admitted_without_rewriting_its_sources ... ok

test result: ok. 1 passed; 0 failed; 0 ignored; 0 measured; 0 filtered out; finished in 2.25s

     Running unittests src/lib.rs (target/debug/deps/aep_profile_development-677fc5b2007209a4)

running 44 tests
test body::tests::a_body_that_is_not_a_mapping_names_the_type_that_expected_one ... ok
test body::tests::a_change_set_with_no_revision_yet_round_trips_without_acquiring_one ... ok
test body::tests::a_requirement_keeps_the_verifier_that_decides_it ... ok
test body::tests::acceptance_criteria_survive_the_round_trip_in_the_order_written ... ok
test body::tests::a_specification_survives_the_round_trip_with_every_requirement ... ok
test body::tests::a_file_count_that_is_not_a_whole_number_is_refused ... ok
test body::tests::each_body_declares_the_versioned_type_the_protocol_publishes ... ok
test body::tests::a_requirement_list_that_is_not_a_list_is_refused_not_dropped ... ok
test body::tests::a_specification_that_does_not_say_where_it_stands_is_refused ... ok
test body::tests::a_subject_that_is_a_tracker_key_is_refused_as_identity ... ok
test body::tests::a_test_plan_survives_the_round_trip_with_its_suites_claims_and_criteria ... ok
test body::tests::a_suite_the_vocabulary_does_not_name_still_round_trips ... ok
test body::tests::a_status_outside_the_vocabulary_is_refused_rather_than_guessed ... ok
test command::tests::a_base_protocol_command_is_not_a_development_command ... ok
test body::tests::a_change_set_survives_the_round_trip_with_its_revision_and_targets ... ok
test body::tests::a_field_this_build_does_not_know_is_ignored_rather_than_fatal ... ok
test command::tests::a_specification_cannot_be_satisfied_by_nothing ... ok
test command::tests::a_story_cannot_be_the_change_that_completed_it ... ok
test body::tests::an_empty_criteria_list_round_trips_as_empty ... ok
test body::tests::a_negative_file_count_is_refused ... ok
test body::tests::a_test_plan_that_names_no_subject_is_refused ... ok
test command::tests::a_payload_field_the_protocol_does_not_define_is_rejected ... ok
test command::tests::a_well_formed_command_has_nothing_to_report ... ok
test command::tests::a_story_completed_by_a_different_entity_is_accepted ... ok
test command::tests::completing_a_stale_story_is_a_different_command_from_completing_the_current_one ... ok
test command::tests::every_development_command_mutates_state ... ok
test command::tests::a_summary_names_what_the_command_touched ... ok
test command::tests::every_development_command_needs_artifact_write ... ok
test command::tests::every_development_command_pins_the_revision_it_asserts ... ok
test command::tests::every_command_round_trips_through_json_under_its_own_tag ... ok
test command::tests::recording_a_test_plan_does_not_need_the_right_to_run_tests ... ok
test command::tests::every_wire_name_round_trips_through_parsing_and_serde ... ok
test command::tests::recording_a_test_plan_targets_the_subject_not_the_plan ... ok
test command::tests::the_sample_set_covers_every_development_command_kind ... ok
test command::tests::wire_names_are_the_versioned_adp_names ... ok
test descriptor::tests::a_recorded_change_cannot_be_edited_afterwards ... ok
test descriptor::tests::a_specification_cannot_become_approved_by_being_edited ... ok
test descriptor::tests::a_test_plan_must_say_what_it_verifies ... ok
test descriptor::tests::every_advertised_command_exists_in_a_command_vocabulary ... ok
test descriptor::tests::every_development_command_advertised_is_revision_guarded ... ok
test descriptor::tests::every_body_this_crate_defines_is_discoverable ... ok
test descriptor::tests::no_descriptor_advertises_creation_because_creation_targets_nothing ... ok
test descriptor::tests::recording_a_test_plan_is_advertised_on_the_subject_not_on_the_plan ... ok
test descriptor::tests::only_a_specification_can_be_declared_satisfied ... ok

test result: ok. 44 passed; 0 failed; 0 ignored; 0 measured; 0 filtered out; finished in 0.01s

     Running unittests src/lib.rs (target/debug/deps/aep_profile_operations-a5032b3c4cdd2bd6)

running 49 tests
test body::tests::an_incident_does_not_go_backwards ... ok
test body::tests::a_release_can_be_rolled_back_from_anything_that_is_deployed ... ok
test body::tests::a_qualified_release_cannot_be_rolled_back_because_nothing_is_deployed ... ok
test body::tests::a_release_climbs_its_ladder_one_rung_at_a_time ... ok
test body::tests::an_incident_cannot_go_straight_from_detected_to_resolved ... ok
test body::tests::an_incident_climbs_its_ladder_one_rung_at_a_time ... ok
test body::tests::a_rolled_back_release_is_terminal ... ok
test command::tests::a_promotion_to_staging_needs_no_approval ... ok
test command::tests::a_summary_names_what_the_command_touched ... ok
test body::tests::every_status_has_a_distinct_document_spelling_that_parses_back ... ok
test body::tests::the_entity_types_are_the_versioned_names_the_specification_lists ... ok
test command::tests::a_well_formed_command_has_nothing_to_report ... ok
test command::tests::acknowledging_and_resolving_an_incident_need_only_the_right_to_observe_production ... ok
test command::tests::a_promotion_to_production_without_an_approval_is_refused ... ok
test command::tests::a_mitigation_that_does_not_say_what_was_done_is_refused ... ok
test command::tests::a_rollback_that_names_no_revision_is_refused ... ok
test body::tests::a_release_round_trips_through_a_node ... ok
test body::tests::a_timestamp_survives_the_round_trip_through_a_document_number ... ok
test body::tests::a_hypothesis_written_as_a_bare_string_is_read_as_a_one_element_list ... ok
test command::tests::every_command_pins_the_revision_it_names_and_targets_the_entity_behind_it ... ok
test body::tests::an_incident_round_trips_when_every_optional_field_is_absent ... ok
test body::tests::a_timestamp_that_is_not_whole_milliseconds_is_refused ... ok
test body::tests::an_incident_body_missing_a_required_field_says_which_one ... ok
test body::tests::an_incident_round_trips_through_a_node_with_every_field_set ... ok
test body::tests::a_hypothesis_that_is_not_text_is_refused_rather_than_stringified ... ok
test body::tests::an_unknown_severity_is_rejected_and_the_scale_named ... ok
test command::tests::a_command_from_another_vocabulary_is_rejected_and_this_one_named ... ok
test body::tests::an_unknown_incident_status_is_rejected_and_the_ladder_named ... ok
test command::tests::a_payload_field_the_protocol_does_not_define_is_rejected ... ok
test command::tests::mitigating_is_the_one_incident_command_that_writes_production ... ok
test command::tests::every_wire_name_round_trips_through_parsing_and_serde ... ok
test command::tests::promoting_needs_deployment_create_scoped_to_the_environment_it_names ... ok
test command::tests::every_command_round_trips_through_json_under_its_own_tag ... ok
test command::tests::rolling_back_needs_deployment_rollback_in_production ... ok
test command::tests::the_sample_set_covers_every_command_kind ... ok
test command::tests::there_is_no_command_that_closes_an_incident_without_naming_a_verification ... ok
test body::tests::a_runbook_round_trips_through_a_node ... ok
test command::tests::wire_names_are_the_versioned_names_the_specification_lists ... ok
test descriptor::tests::a_runbook_may_supersede_another_runbook_and_nothing_else ... ok
test command::tests::every_required_capability_is_one_the_operations_protocol_declares ... ok
test descriptor::tests::a_release_advertises_both_of_its_commands_and_neither_incident_command ... ok
test descriptor::tests::an_incident_advertises_the_three_commands_that_move_it ... ok
test descriptor::tests::every_operations_type_is_mutable_and_says_so ... ok
test descriptor::tests::a_runbook_lifecycle_starts_in_draft_and_ends_archived ... ok
test descriptor::tests::every_advertised_command_exists_in_one_of_the_two_vocabularies ... ok
test descriptor::tests::only_the_operations_commands_are_advertised_as_revision_guarded ... ok
test descriptor::tests::the_operational_types_publish_no_artifact_lifecycle ... ok
test descriptor::tests::the_published_ladders_match_the_status_types_they_come_from ... ok
test descriptor::tests::the_registry_describes_all_three_operations_types ... ok

test result: ok. 49 passed; 0 failed; 0 ignored; 0 measured; 0 filtered out; finished in 0.00s

     Running unittests src/lib.rs (target/debug/deps/aep_project-0701221a6ecc67c6)

running 30 tests
test load::tests::a_scratch_tree_is_named_after_the_process_and_the_case_that_made_it ... ok
test load::tests::a_scratch_tree_is_reclaimed_when_the_helper_that_writes_it_fails_partway ... ok
test project::tests::a_project_is_found_from_anywhere_inside_it ... ok
test load::tests::a_scratch_tree_is_reclaimed_when_the_case_that_made_it_panics ... ok
test project::tests::a_failed_snapshot_verification_is_not_remembered ... ok
test project::tests::a_snapshot_changed_within_the_racy_window_is_not_stamped ... ok
test project::tests::a_snapshot_verified_once_is_not_re_read_by_the_same_process ... ok
test project::tests::a_stamped_snapshot_is_trusted_by_a_later_process_without_reading_its_files ... ok
test project::tests::a_corrupt_stamp_falls_back_to_full_verification_and_is_rewritten ... ok
test project::tests::a_symlink_is_refused_before_a_snapshot_manifest_can_seal_it ... ok
test project::tests::credential_bearing_git_urls_are_refused_before_git_sees_them ... ok
test project::tests::a_file_added_after_stamping_is_refused ... ok
test project::tests::not_being_in_a_project_is_not_an_error ... ok
test project::tests::without_the_environment_variable_the_directory_is_the_one_it_always_was ... ok
test project::tests::a_stamp_for_another_revision_is_ignored ... ok
test load::tests::two_maps_with_one_declared_identity_are_refused_at_insertion ... ok
test load::tests::a_map_pinned_to_a_workflow_the_tree_does_not_hold_names_the_workflow_that_is_missing ... ok
test load::tests::a_map_pinned_to_a_major_the_tree_no_longer_has_is_refused ... ok
test load::tests::a_map_pinned_to_the_major_the_tree_holds_is_accepted ... ok
test load::tests::the_orphan_refusal_says_what_to_do_about_it ... ok
test load::tests::a_map_whose_pin_resolves_is_still_checked_against_the_workflow_it_resolved_to ... ok
test load::tests::two_maps_orphaned_by_the_same_bump_are_both_named ... ok
test load::tests::an_unpinned_bundle_reports_the_same_digest_the_pinned_loader_verifies ... ok
test load::tests::the_same_tree_pinned_to_the_major_the_workflows_hold_loads_clean ... ok
test load::tests::a_tree_whose_step_map_pins_a_major_the_workflows_no_longer_have_does_not_load ... ok
test project::tests::a_project_local_profile_cannot_escape_the_approval_floor ... ok
test project::tests::a_project_local_profile_is_merged_over_the_protocol_trees ... ok
test project::tests::an_in_place_edit_with_its_length_and_mtime_restored_is_still_refused ... ok
test project::tests::a_broken_project_document_is_reported_with_its_path ... ok
test project::tests::a_project_loads_the_protocol_tree_it_points_at ... ok

test result: ok. 30 passed; 0 failed; 0 ignored; 0 measured; 0 filtered out; finished in 0.08s

     Running tests/boundary.rs (target/debug/deps/boundary-e4e6ba40bbdeb3ab)

running 1 test
test the_engine_normal_graph_has_no_schema_driver_or_acquisition_dependency ... ok

test result: ok. 1 passed; 0 failed; 0 ignored; 0 measured; 0 filtered out; finished in 0.00s

     Running unittests src/lib.rs (target/debug/deps/aep_render-2e6a7396248b8764)

running 60 tests
test layout::tests::a_chain_lays_out_one_state_per_layer_in_declaration_order ... ok
test layout::tests::longest_path_beats_shortest_when_a_state_can_be_reached_two_ways ... ok
test layout::tests::two_states_that_can_only_be_reached_in_parallel_share_a_layer ... ok
test layout::tests::the_back_edge_does_not_push_implement_below_verify ... ok
test layout::tests::a_branch_to_a_second_terminal_shares_a_layer_rather_than_extending_the_chain ... ok
test obligations::tests::a_principle_that_only_withdraws_a_capability_still_binds ... ok
test obligations::tests::a_principle_that_reaches_nothing_is_left_out_entirely ... ok
test ansi::tests::a_bare_workflow_marks_nothing_and_still_shows_every_guard ... ok
test ansi::tests::stripping_removes_the_colours_and_leaves_everything_else ... ok
test mermaid::tests::an_identifier_carries_no_separator_a_diagram_would_read_as_structure ... ok
test mermaid::tests::a_workflow_draws_as_a_state_diagram_a_markdown_viewer_renders ... ok
test html::tests::the_live_block_does_nothing_in_a_file_you_double_click ... ok
test ansi::tests::the_frame_is_the_same_string_twice_and_reads_no_clock ... ok
test ansi::tests::the_mid_run_frame_reads_as_the_committed_text ... ok
test html::tests::a_blocked_run_lists_its_reasons_verbatim_and_marks_the_state ... ok
test html::tests::the_figure_is_embedded_rather_than_linked ... ok
test html::tests::the_page_reaches_nothing_outside_itself ... ok
test html::tests::the_same_scene_renders_to_the_same_page_twice ... ok
test mermaid::tests::a_guard_is_the_arrow_label_and_an_unguarded_edge_carries_none ... ok
test prose::tests::a_list_of_one_reads_as_a_word_and_a_list_of_three_reads_as_a_sentence ... ok
test ansi::tests::the_retreat_is_drawn_as_a_back_arrow_in_amber_with_its_count ... ok
test ansi::tests::a_blocked_run_marks_its_state_and_names_every_reason ... ok
test prose::tests::a_workflow_nothing_binds_says_so_rather_than_leaving_an_empty_heading ... ok
test obligations::tests::an_unconditional_principle_states_no_applicability ... ok
test obligations::tests::a_workflow_without_the_phase_reports_the_obligation_as_owed_elsewhere ... ok
test prose::tests::the_date_scan_sees_a_date_and_leaves_a_guard_alone ... ok
test obligations::tests::an_obligation_timed_against_a_phase_lands_on_every_state_declaring_it ... ok
test prose::tests::a_transition_failure_policy_reaches_the_instructions_too ... ok
test run::tests::blocked_and_exhausted_are_stopped_and_completed_is_not ... ok
test prose::tests::wrapping_breaks_only_at_spaces_and_never_loses_a_word ... ok
test html::tests::the_mid_run_page_renders_as_the_committed_document ... ok
test run::tests::a_run_that_went_back_reports_the_back_edge_twice_not_once ... ok
test run::tests::a_snapshot_without_a_cursor_is_unknown_and_not_running ... ok
test prose::tests::an_obligation_owed_at_every_transition_says_so_without_naming_a_state ... ok
test obligations::tests::the_binding_principles_are_sorted_by_reference_whatever_order_they_arrive_in ... ok
test scene::tests::a_bare_workflow_marks_nothing_and_takes_no_edge ... ok
test scene::tests::a_completed_run_in_a_terminal_state_is_done_not_current ... ok
test scene::tests::an_unconditional_transition_carries_no_guard_label ... ok
test scene::tests::a_state_that_requires_independent_evidence_says_so_on_its_box ... ok
test scene::tests::the_canvas_grows_to_fit_the_longest_guard_rather_than_clipping_it ... ok
test svg::tests::authored_text_is_escaped_rather_than_written_into_the_markup ... ok
test svg::tests::the_document_declares_its_size_and_carries_a_text_alternative ... ok
test svg::tests::the_mid_run_overlay_renders_as_the_committed_figure ... ok
test svg::tests::a_blocked_run_draws_a_red_current_box_and_prints_its_reasons_unedited ... ok
test scene::tests::the_mid_run_overlay_marks_current_visited_and_the_retreat ... ok
test svg::tests::the_same_scene_renders_to_the_same_bytes_twice ... ok
test prose::tests::a_terminal_state_says_that_nothing_leaves_it ... ok
test svg::tests::the_bare_workflow_renders_as_the_committed_figure ... ok
test prose::tests::the_committed_document_carries_no_date ... ok
test prose::tests::without_a_map_the_document_says_what_may_happen_and_never_what_runs ... ok
test svg::tests::the_taken_retreat_is_amber_and_an_untaken_edge_is_not ... ok
test prose::tests::the_index_names_every_document_it_was_given ... ok
test prose::tests::the_state_a_principle_times_against_is_named_in_the_instruction ... ok
test prose::tests::a_withdrawn_capability_is_stated_as_a_refusal_and_not_as_a_preference ... ok
test prose::tests::one_step_is_not_told_it_has_an_order ... ok
test prose::tests::a_mapped_state_says_what_runs_in_it_and_in_which_order ... ok
test prose::tests::a_failure_policy_on_a_state_reaches_the_instructions ... ok
test prose::tests::a_guard_is_the_documents_own_predicate_and_an_unguarded_move_says_so ... ok
test prose::tests::two_renderings_of_one_workflow_are_the_same_bytes ... ok
test prose::tests::a_state_a_map_covers_with_nothing_reads_differently_from_one_it_omits ... ok

test result: ok. 60 passed; 0 failed; 0 ignored; 0 measured; 0 filtered out; finished in 0.03s

     Running tests/boundary.rs (target/debug/deps/boundary-7fbe4fb9783f249b)

running 2 tests
test the_reader_sees_a_dependency_and_ignores_a_comment_about_one ... ok
test the_renderer_names_no_workspace_crate_but_the_domain ... ok

test result: ok. 2 passed; 0 failed; 0 ignored; 0 measured; 0 filtered out; finished in 0.00s

     Running tests/determinism.rs (target/debug/deps/determinism-eab1317d4ff17617)

running 2 tests
test the_scan_sees_a_real_violation_and_ignores_prose_and_substrings ... ok
test the_renderer_holds_no_unordered_map_reads_no_clock_and_positions_nothing_with_a_float ... ok

test result: ok. 2 passed; 0 failed; 0 ignored; 0 measured; 0 filtered out; finished in 0.01s

     Running unittests src/lib.rs (target/debug/deps/aep_schema-8158452b4600f56b)

running 28 tests
test parse::tests::document_kinds_map_to_repository_directories ... ok
test alias::tests::the_list_is_sorted_so_a_new_alias_lands_where_a_reader_looks_for_it ... ok
test alias::tests::no_alias_is_listed_twice_and_none_renames_a_spelling_to_itself ... ok
test parse::tests::a_shape_error_still_says_which_line_it_is_on ... ok
test parse::tests::a_profile_that_writes_one_key_twice_is_refused_with_the_key_named ... ok
test parse::tests::a_duplicated_key_is_refused_in_a_document_with_no_raw_stage_too ... ok
test parse::tests::reads_json_as_well_as_yaml ... ok
test parse::tests::separates_syntax_errors_from_semantic_errors ... ok
test parse::tests::reads_an_evidence_list_and_keeps_a_payloads_own_subject ... ok
test schema::tests::no_two_schemas_claim_the_same_file ... ok
test schema::tests::every_schema_says_what_it_describes ... ok
test schema::tests::generates_a_schema_for_every_document_and_interchange_type ... ok
test schema::tests::the_workflow_schema_publishes_identifier_patterns ... ok
test schema::tests::schemas_are_valid_json_with_a_title_and_a_trailing_newline ... ok
test schema::tests::generation_is_deterministic ... ok
test schema::tests::the_objective_schema_accepts_the_one_line_form_every_task_is_written_with ... ok
test schema::tests::the_evidence_kind_schema_publishes_the_spellings_the_parser_accepts ... ok
test schema::tests::the_capability_policy_schema_accepts_the_spelling_every_principle_uses ... ok
test schema::tests::the_relation_requirement_schema_accepts_a_bare_relation_and_refuses_an_invented_one ... ok
test schema::tests::the_step_schema_gives_an_llm_step_nowhere_to_put_evidence ... ok
test schema::tests::the_evidence_requirement_schema_accepts_a_bare_kind_and_refuses_a_mapping_with_no_kind ... ok
test schema::tests::the_approval_requirement_schema_accepts_a_bare_id_and_refuses_a_mapping_naming_none ... ok
test schema::tests::the_relation_requirement_schema_carries_the_task_binding_and_refuses_an_invented_one ... ok
test schema::tests::the_step_map_schema_refuses_the_unpinned_workflow_its_validator_refuses ... ok
test schema::tests::the_review_requirement_schema_accepts_a_bare_kind_and_refuses_a_mapping_naming_no_subject ... ok
test schema::tests::the_artifact_requirement_schema_accepts_a_bare_kind_and_refuses_an_unknown_status ... ok
test schema::tests::the_conditional_requirement_schema_accepts_both_spellings_of_what_is_then_owed ... ok
test schema::tests::the_requirement_set_schema_accepts_every_form_a_state_may_be_written_in ... ok

test result: ok. 28 passed; 0 failed; 0 ignored; 0 measured; 0 filtered out; finished in 0.10s

     Running tests/published.rs (target/debug/deps/published-57db0de63b63e22f)

running 8 tests
test the_alias_scan_finds_the_attributes_it_is_supposed_to_find ... ok
test no_type_carries_an_alias_no_published_schema_would_ever_be_asked_about ... ok
test no_published_alias_is_a_spelling_the_parsers_refuse ... ok
test every_published_schema_accepts_every_spelling_its_parser_does ... ok
test count_stage_evidence_schema_refuses_cache_claims_but_accepts_raw_source_strings ... ok
test coverage_schema_keeps_the_separate_original_input_carrier_closed ... ok
test the_document_schemas_accept_every_document_this_repository_ships ... ok
test an_aliased_field_is_never_left_required_under_its_canonical_spelling ... ok

test result: ok. 8 passed; 0 failed; 0 ignored; 0 measured; 0 filtered out; finished in 0.39s

     Running unittests src/lib.rs (target/debug/deps/trace_domain-591fea188ffe7b66)

running 64 tests
test code::tests::every_code_renders_in_the_trace_namespace_and_the_generated_list_holds_them_all ... ok
test matcher::tests::a_count_bound_reads_exactly_before_either_side_so_one_number_has_one_meaning ... ok
test matcher::tests::a_bound_with_a_floor_above_its_ceiling_is_unsatisfiable_and_says_so ... ok
test code::tests::errors_accumulate_rather_than_replace_and_are_counted_per_code ... ok
test ir::tests::a_timestamp_is_read_in_the_one_form_transcripts_record_and_refused_otherwise ... ok
test matcher::tests::a_glob_matches_the_paths_the_design_writes_and_refuses_the_ones_it_does_not ... ok
test matcher::tests::a_textual_matcher_reads_a_non_string_field_through_its_json_rendering ... ok
test matcher::tests::equals_compares_like_with_like_so_a_boolean_becoming_a_string_is_visible ... ok
test ir::tests::an_assistant_event_without_a_request_id_is_its_own_request_rather_than_folded_into_another ... ok
test matcher::tests::a_result_matcher_separates_a_field_that_disagrees_from_a_field_that_is_absent ... ok
test ir::tests::the_request_series_is_one_per_api_request_and_the_last_record_carries_its_usage ... ok
test ir::tests::a_call_whose_result_never_came_back_carries_no_result_rather_than_a_bad_one ... ok
test ir::tests::a_result_is_correlated_to_its_call_by_the_harnesss_own_id ... ok
test ir::tests::gen_is_measured_against_the_previous_timestamped_line_not_the_previous_event ... ok
test matcher::tests::a_selector_over_an_argument_the_call_does_not_carry_does_not_match ... ok
test matcher::tests::a_call_the_record_left_unresolved_never_satisfies_an_operation_scope ... ok
test matcher::tests::an_operation_scope_selects_a_write_whatever_the_harness_calls_the_tool ... ok
test matcher::tests::naming_both_vocabularies_selects_a_call_that_answers_to_either ... ok
test matcher::tests::an_argument_matcher_still_narrows_whatever_the_scope_selected ... ok
test digest::tests::a_digest_is_sixty_four_lowercase_hex_characters ... ok
test digest::tests::canonical_json_sorts_keys_so_two_spellings_of_one_value_digest_the_same ... ok
test code::tests::wire_strings_are_unique_because_two_rules_sharing_one_code_are_indistinguishable_downstream ... ok
test ir::tests::identical_calls_are_one_repeated_group_and_different_arguments_are_not ... ok
test ir::tests::a_step_with_no_recorded_timestamp_has_no_duration_rather_than_a_zero_one ... ok
test ir::tests::tool_traffic_separates_what_the_model_wrote_from_what_came_back ... ok
test matcher::tests::a_selector_reads_back_naming_the_claim_before_the_harnesses_it_was_spelled_for ... ok
test raw::tests::a_text_that_is_not_a_document_at_all_is_one_coded_refusal_and_not_a_serde_sentence ... ok
test raw::tests::an_id_is_lowercase_dashed_and_a_document_id_may_carry_one_namespace ... ok
test raw::tests::a_specification_that_expects_nothing_is_refused_rather_than_read_as_satisfied ... ok
test raw::tests::an_expectation_kind_this_build_does_not_implement_is_refused_by_name ... ok
test raw::tests::an_equals_over_a_fraction_is_refused_with_the_advice_to_write_a_bound ... ok
test raw::tests::a_misspelt_parameter_inside_a_known_kind_is_refused_rather_than_defaulted ... ok
test raw::tests::a_bound_that_cannot_be_satisfied_is_refused_whichever_way_it_was_written ... ok
test raw::tests::a_format_this_build_does_not_read_is_refused_with_its_own_code ... ok
test raw::tests::an_unscoped_tool_absent_forbids_every_tool_call_and_is_refused ... ok
test raw::tests::an_order_whose_two_sides_select_the_same_calls_is_refused ... ok
test raw::tests::a_glob_keeps_its_literal_reading_now_that_a_regex_matcher_exists_beside_it ... ok
test raw::tests::a_glob_serializes_and_digests_exactly_as_it_did_before_a_second_matcher_existed ... ok
test raw::tests::a_bound_with_no_side_is_refused_but_an_omitted_count_means_it_happened ... ok
test raw::tests::a_series_assertion_names_a_field_and_a_share_needs_a_side ... ok
test raw::tests::an_id_that_is_not_a_stable_identifier_is_refused_wherever_it_appears ... ok
test raw::tests::four_defects_in_one_document_are_four_refusals_in_one_pass ... ok
test raw::tests::a_regex_that_will_not_compile_is_refused_at_validation_with_the_engines_own_complaint ... ok
test spec::tests::a_run_that_repeated_a_value_has_not_broken_a_trend_and_has_not_shown_one_either ... ok
test spec::tests::a_kind_census_counts_what_was_checked ... ok
test spec::tests::every_kind_names_itself_and_the_published_list_holds_them_all ... ok
test spec::tests::downgrading_an_id_the_document_does_not_declare_is_reported_rather_than_ignored ... ok
test spec::tests::the_name_a_kind_reports_is_the_name_the_document_writes ... ok
test spec::tests::the_digest_is_over_the_document_and_survives_a_command_line_downgrade ... ok
test raw::tests::two_expectations_sharing_an_id_are_refused_because_a_report_names_a_verdict_by_it ... ok
test raw::tests::a_realistic_specification_validates_and_keeps_its_expectations_in_document_order ... ok
test raw::tests::severity_and_on_unknown_round_trip_and_default_to_gate_and_unknown ... ok
test raw::tests::skill_available_is_an_accepted_spelling_of_env_skill_available ... ok
test raw::tests::an_expectation_whose_parameters_decide_nothing_is_refused_in_each_of_its_shapes ... ok
test spec::tests::two_documents_that_differ_only_in_a_title_are_not_the_same_specification ... ok
test raw::tests::a_tool_set_is_read_as_a_scope_and_the_ways_one_is_written_wrong_are_refused ... ok
test spec::tests::the_two_series_kinds_name_themselves_and_are_published ... ok
test raw::tests::env_tool_available_reads_its_three_claims_and_refuses_the_ways_they_can_be_written_wrong ... ok
test raw::tests::the_same_document_written_as_json_is_the_same_specification ... ok
test raw::tests::every_published_kind_name_is_reachable_from_a_document_and_names_itself ... ok
test raw::tests::a_regex_matcher_is_compiled_and_carried_through_as_the_pattern_the_author_wrote ... ok
test raw::tests::a_regex_that_matches_every_text_is_refused_and_an_anchored_one_that_looks_like_it_is_not ... ok
test matcher::tests::a_regex_searches_the_field_where_a_glob_of_the_same_text_has_to_be_the_whole_of_it ... ok
test matcher::tests::a_pattern_compares_and_serializes_by_the_text_it_was_written_as_and_not_by_its_automaton ... ok

test result: ok. 64 passed; 0 failed; 0 ignored; 0 measured; 0 filtered out; finished in 0.02s

     Running unittests src/lib.rs (target/debug/deps/trace_spec-11372995896fda21)

running 89 tests
test check::tests::a_ratio_with_no_denominator_is_undecidable_rather_than_zero ... ok
test adapter::tests::bytes_that_are_not_utf8_are_refused_as_a_file_that_is_not_a_transcript ... ok
test adapter::tests::a_transcript_with_no_events_is_refused_rather_than_judged ... ok
test check::tests::a_run_that_made_no_request_cannot_decide_a_series_assertion ... ok
test adapter::tests::a_line_that_is_not_json_is_refused_once_and_the_message_names_the_line ... ok
test check::tests::a_duration_around_an_event_with_no_timestamp_is_undecidable_and_never_zero ... ok
test check::tests::a_trend_over_a_run_of_one_request_holds_vacuously_rather_than_gapping ... ok
test check::tests::a_usage_field_this_transcript_does_not_carry_is_undecidable ... ok
test check::tests::a_tool_expectation_over_a_run_that_recorded_no_tool_list_is_undecidable_not_a_gap ... ok
test check::tests::an_event_the_adapter_could_not_read_still_poisons_a_count_that_it_could_change ... ok
test adapter::tests::a_blank_line_advances_the_line_counter_so_a_reported_line_matches_the_file ... ok
test adapter::tests::a_null_api_error_status_reads_as_absent_rather_than_as_the_word_null ... ok
test adapter::tests::a_thinking_estimate_keeps_a_negative_delta_rather_than_refusing_it ... ok
test adapter::tests::the_adapter_names_itself_and_the_harness_it_was_written_against ... ok
test adapter::tests::a_tool_result_with_no_is_error_key_is_not_an_error ... ok
test adapter::tests::an_unknown_field_on_a_recognised_event_is_tolerated_and_the_event_still_normalizes ... ok
test adapter::tests::an_event_type_this_build_does_not_recognise_is_kept_opaque_rather_than_dropped ... ok
test adapter::tests::a_recognised_envelope_that_carries_nothing_readable_is_still_recorded ... ok
test check::tests::an_expectation_scoped_to_a_model_the_run_never_used_is_undecidable_not_satisfied ... ok
test adapter::tests::an_empty_permission_denial_list_is_zero_and_an_absent_one_is_unknown ... ok
test check::tests::an_unread_event_cannot_unmeet_a_lower_bound_that_is_already_met ... ok
test check::tests::an_opening_record_that_lists_no_mcp_servers_at_all_is_undecidable_not_hermetic ... ok
test check::tests::an_environment_expectation_over_a_transcript_with_no_session_start_is_undecidable ... ok
test adapter::tests::a_name_list_reads_bare_strings_and_objects_alike ... ok
test check::tests::the_hermetic_mcp_bound_holds_at_zero_and_names_what_it_saw_when_it_does_not ... ok
test event_stream::tests::a_blank_line_advances_the_line_counter_so_a_reported_line_matches_the_file ... ok
test event_stream::tests::a_census_that_counted_more_decisions_than_the_stream_carried_wins ... ok
test event_stream::tests::a_line_carrying_another_wires_format_tag_is_refused_by_name ... ok
test event_stream::tests::a_field_the_stream_records_as_null_stays_absent_rather_than_becoming_zero ... ok
test event_stream::tests::a_line_that_is_not_json_is_refused_once_and_the_message_names_the_line ... ok
test event_stream::tests::a_rate_limit_window_reads_the_seams_spelling_of_it ... ok
test event_stream::tests::a_result_that_does_not_say_whether_it_errored_stays_unknown ... ok
test event_stream::tests::a_result_with_no_content_falls_back_to_the_size_the_harness_recorded ... ok
test event_stream::tests::a_stream_with_no_events_is_refused_rather_than_judged ... ok
test event_stream::tests::a_structured_result_content_is_addressable_field_by_field ... ok
test check::tests::this_must_never_happen_needs_the_producer_to_say_the_record_is_whole ... ok
test adapter::tests::an_unrecognised_content_block_goes_opaque_while_its_siblings_still_normalize ... ok
test adapter::tests::the_byte_measures_are_the_compact_json_of_the_input_and_the_text_of_the_result ... ok
test event_stream::tests::a_seam_that_decided_and_refused_nothing_says_zero_rather_than_nothing ... ok
test event_stream::tests::a_billed_thinking_figure_is_never_taken_from_the_harnesss_live_estimate ... ok
test event_stream::tests::a_denial_the_seam_never_decided_is_counted_beside_the_seams_own ... ok
test event_stream::tests::a_vendor_record_metaharness_could_not_read_stays_opaque_one_layer_up ... ok
test event_stream::tests::a_seam_denial_is_the_denial_record_even_when_the_vendor_listed_nothing ... ok
test event_stream::tests::a_vendor_that_recorded_nothing_leaves_the_result_fields_empty_rather_than_passing ... ok
test event_stream::tests::a_timestamp_is_the_vendors_and_a_line_without_one_derives_no_duration ... ok
test event_stream::tests::an_event_name_this_build_does_not_know_is_kept_opaque_rather_than_dropped ... ok
test event_stream::tests::a_usage_record_that_answers_none_of_the_a9_questions_stays_unknown_on_all_four ... ok
test event_stream::tests::bytes_that_are_not_utf8_are_refused_as_a_file_that_is_not_a_stream ... ok
test event_stream::tests::four_bad_lines_are_four_refusals_rather_than_the_first_one ... ok
test check::tests::a_session_the_account_cut_is_unknown_rather_than_a_gap ... ok
test check::tests::a_gap_beside_an_unknown_is_still_a_gap_because_something_was_observed_to_be_wrong ... ok
test check::tests::an_expectation_cannot_pass_by_selecting_nothing ... ok
test event_stream::tests::a_usage_event_is_a_request_record_and_not_an_event ... ok
test check::tests::every_session_is_read_because_a_driven_run_is_a_concatenation_of_them ... ok
test event_stream::tests::a_control_plane_event_produces_no_ir_event_and_poisons_no_count ... ok
test check::tests::a_result_field_that_disagrees_is_a_gap_and_one_that_is_absent_is_undecidable ... ok
test check::tests::only_a_rejection_inside_the_failing_session_excuses_it ... ok
test event_stream::tests::the_control_plane_list_is_the_one_metaharness_publishes ... ok
test event_stream::tests::the_adapter_names_itself_and_the_wire_it_reads ... ok
test check::tests::an_ordering_with_a_side_that_never_happened_is_undecidable_rather_than_a_failure ... ok
test event_stream::tests::one_refused_call_written_down_twice_is_one_denial ... ok
test json::tests::a_recorded_null_is_absence_rather_than_a_value ... ok
test json::tests::a_vendor_record_that_is_not_an_object_keeps_its_own_key_rather_than_vanishing ... ok
test event_stream::tests::the_vendors_own_result_record_is_what_a_per_tool_field_is_read_from ... ok
test json::tests::a_vendor_record_written_as_null_leaves_nothing_for_a_matcher_to_find ... ok
test event_stream::tests::an_iteration_count_is_the_vendors_list_length_and_never_a_tally_of_usage_events ... ok
test json::tests::an_empty_list_is_zero_and_an_absent_list_is_unknown ... ok
test event_stream::tests::the_vendors_record_wins_over_a_reading_of_the_content ... ok
test json::tests::an_entry_no_reader_can_name_keeps_its_json_rather_than_disappearing ... ok
test event_stream::tests::the_opening_record_lifts_every_field_the_ir_has_a_home_for ... ok
test reader::tests::a_blank_leading_line_does_not_hide_the_tag ... ok
test reader::tests::a_file_that_is_neither_is_refused_by_the_reader_whose_message_says_so ... ok
test reader::tests::a_tag_from_another_metaharness_wire_is_not_this_one ... ok
test event_stream::tests::the_terminal_record_reads_every_usage_figure_the_wire_carries ... ok
test reader::tests::a_tagged_first_line_sends_the_file_to_the_event_stream_reader ... ok
test reader::tests::a_transcript_with_no_format_tag_falls_back_to_the_stream_json_reader ... ok
test render::tests::the_verdict_sentence_names_the_exit_code_and_which_expectations_gapped ... ok
test report::tests::a_gap_beats_an_unknown_because_something_was_observed_to_be_wrong ... ok
test report::tests::an_advisory_gap_is_reported_and_counted_and_does_not_move_the_exit_code ... ok
test report::tests::an_undecidable_verdict_survives_redaction_because_a_reason_names_no_payload ... ok
test report::tests::an_unknown_with_no_gap_beside_it_is_exit_three_and_not_a_softer_exit_one ... ok
test report::tests::on_unknown_gap_turns_an_undecidable_verdict_into_a_failure_for_that_expectation_alone ... ok
test report::tests::redaction_keeps_the_indices_and_both_digests_and_replaces_only_the_notes ... ok
test render::tests::the_text_report_prints_one_line_per_expectation_and_marks_the_advisory_ones ... ok
test render::tests::the_plain_footer_says_what_the_report_contains_and_the_redacted_one_says_it_is_redacted ... ok
test check::tests::the_gap_names_the_first_request_that_broke_the_trend ... ok
test check::tests::a_share_is_over_the_series_own_total_so_a_reader_can_recompute_it ... ok
test check::tests::every_kind_holds_on_the_real_run_and_a_negative_case_beside_it_does_not ... ok
test check::tests::a_regex_matcher_reads_three_valued_exactly_as_a_glob_does_and_absence_is_never_a_failure ... ok

test result: ok. 89 passed; 0 failed; 0 ignored; 0 measured; 0 filtered out; finished in 0.02s

     Running tests/adapter.rs (target/debug/deps/adapter-b592c7c43a3942e2)

running 10 tests
test the_rate_limit_state_at_the_start_of_the_run_is_a_fact_about_money ... ok
test the_skill_put_its_own_text_into_the_conversation ... ok
test the_skill_call_and_the_result_it_was_answered_with_are_one_pair ... ok
test the_census_of_the_edit_run_is_thirty_six_events_and_nothing_the_adapter_could_not_read ... ok
test the_edit_runs_tool_traffic_is_eleven_calls_and_not_one_failure ... ok
test the_terminal_record_is_the_source_of_every_resource_fact ... ok
test the_opening_record_says_which_model_which_permissions_and_which_plugin ... ok
test the_write_run_has_the_same_shape_with_a_different_tool_surface ... ok
test the_first_four_events_carry_no_timestamp_and_the_step_table_is_the_designs ... ok
test the_digest_names_the_bytes_and_reading_them_twice_gives_the_same_ir ... ok

test result: ok. 10 passed; 0 failed; 0 ignored; 0 measured; 0 filtered out; finished in 0.03s

     Running tests/adversarial_usage_series.rs (target/debug/deps/adversarial_usage_series-255b1ba184c0f712)

running 12 tests
test a_series_verdict_on_an_unlabelled_request_still_cites_its_events ... ok
test a_series_verdict_on_a_request_that_said_nothing_still_cites_its_events ... ok
test the_series_and_the_aggregate_name_different_missing_things ... ok
test a_reader_that_records_no_request_leaves_a_series_assertion_undecided ... ok
test a_trend_separates_the_ramp_from_the_flat_line_it_says_it_catches ... ok
test a_run_that_front_loads_harder_does_not_lose_the_pass_it_had ... ok
test a_series_verdict_on_a_driven_run_cites_the_events_it_was_read_from ... ok
test the_committed_run_does_not_satisfy_both_directions_of_one_trend_at_once ... ok
test a_series_verdict_cites_the_events_of_the_request_it_named ... ok
test the_endpoints_of_the_share_range_are_no_ops_rather_than_bounds ... ok
test a_series_the_checker_gaps_in_one_direction_is_not_undecidable_in_the_other ... ok
test a_share_bound_outside_zero_to_one_is_refused_rather_than_decided_in_advance ... ok

test result: ok. 12 passed; 0 failed; 0 ignored; 0 measured; 0 filtered out; finished in 0.08s

     Running tests/check.rs (target/debug/deps/check-58f7131ab5b624b8)

running 4 tests
test a_transcript_the_adapter_could_not_fully_read_is_undecided_rather_than_green ... ok
test the_evals_specification_downgraded_on_the_command_line_still_reports_the_row ... ok
test the_evals_own_specification_passes_against_both_committed_runs ... ok
test the_same_transcript_and_specification_produce_a_byte_identical_report ... ok

test result: ok. 4 passed; 0 failed; 0 ignored; 0 measured; 0 filtered out; finished in 0.07s

     Running tests/codex_rollout.rs (target/debug/deps/codex_rollout-297c3323abcba456)

running 6 tests
test an_empty_rollout_is_refused_rather_than_judged_as_a_run_that_did_nothing ... ok
test a_record_that_begins_mid_line_is_refused_and_says_which_line ... ok
test a_codex_rollout_reads_into_the_same_ir_the_other_adapter_produces ... ok
test a_result_is_correlated_to_its_call_by_the_id_codex_writes ... ok
test an_unrecognised_family_is_opaque_rather_than_discarded ... ok
test what_the_rollout_does_not_say_reads_as_unknown_and_not_as_empty ... ok

test result: ok. 6 passed; 0 failed; 0 ignored; 0 measured; 0 filtered out; finished in 0.01s

     Running tests/event_stream.rs (target/debug/deps/event_stream-1d0c857ee6274404)

running 13 tests
test a_skill_the_vendor_recorded_as_unsuccessful_is_a_gap_and_not_a_completion ... ok
test the_census_of_a_driven_step_counts_the_control_plane_out_and_nothing_as_unread ... ok
test a_cost_scoped_to_a_model_the_vendor_did_not_price_is_not_the_runs_own_figure ... ok
test a_bound_the_recorded_figures_break_is_a_gap_rather_than_a_pass_or_an_unknown ... ok
test an_unknown_from_a_null_names_the_field_rather_than_the_conclusion ... ok
test every_kind_amendment_a9_unlocked_is_decided_where_the_vendor_reported_the_value ... ok
test a_field_the_vendor_reported_as_null_is_unknown_and_never_ok ... ok
test the_denial_step_document_holds_against_a_denied_driven_event_stream ... ok
test the_denials_the_seam_took_are_what_permission_denied_counts ... ok
test the_driven_step_document_holds_against_a_driven_event_stream ... ok
test the_plugin_eval_document_reports_a_driven_step_as_a_different_run_rather_than_as_a_defect ... ok
test a_recorded_transcript_and_a_driven_stream_take_the_same_arguments ... ok
test the_same_stream_and_specification_produce_a_byte_identical_report ... ok

test result: ok. 13 passed; 0 failed; 0 ignored; 0 measured; 0 filtered out; finished in 0.02s

     Running tests/evidence.rs (target/debug/deps/evidence-529f30b82f37de0d)

running 8 tests
test the_producer_constant_is_the_class_the_evidence_kind_names ... ok
test a_command_line_downgrade_is_recorded_and_does_not_make_the_record_pass ... ok
test a_run_nobody_could_judge_is_inconclusive_and_not_failed ... ok
test a_contradicted_run_is_written_down_rather_than_refused ... ok
test a_report_whose_digests_are_not_digests_is_refused_rather_than_recorded ... ok
test the_document_is_one_record_of_the_kind_the_protocol_declares ... ok
test the_record_names_the_trace_checker_and_never_the_caller ... ok
test the_record_carries_the_digest_pair_the_report_computed ... ok

test result: ok. 8 passed; 0 failed; 0 ignored; 0 measured; 0 filtered out; finished in 0.03s

     Running tests/stream_closed.rs (target/debug/deps/stream_closed-2dbb0eea81f815f7)

running 9 tests
test the_closing_event_is_read_and_is_not_an_unread_event_itself ... ok
test a_session_boundary_is_not_a_stream_boundary_on_the_metaharness_wire ... ok
test an_absence_the_run_contradicted_is_a_gap_on_a_closed_stream ... ok
test a_gap_does_not_need_the_marker ... ok
test a_closing_event_decides_an_absence_that_nothing_contradicted ... ok
test without_the_marker_the_row_stays_unknown_and_the_report_names_what_is_missing ... ok
test the_attestation_is_the_second_witness_and_decides_the_same_row ... ok
test an_unread_event_no_longer_poisons_an_absence_on_a_closed_stream ... ok
test a_vendor_transcript_is_closed_by_its_terminal_record_and_a_truncated_one_is_not ... ok

test result: ok. 9 passed; 0 failed; 0 ignored; 0 measured; 0 filtered out; finished in 0.02s

     Running tests/write_selectors.rs (target/debug/deps/write_selectors-63007783dfd2b4c7)

running 13 tests
test a_subject_scope_decides_a_path_row_on_a_harness_that_names_every_call_tool_invoke ... ok
test the_order_is_contradicted_when_the_code_came_first ... ok
test an_edit_witnesses_a_write_the_way_a_write_does ... ok
test an_operation_scoped_ordering_still_contradicts_the_wrong_order ... ok
test every_verb_in_the_set_witnesses_the_claim_and_a_read_does_not ... ok
test a_call_the_harness_did_not_resolve_never_witnesses_an_operation ... ok
test a_call_whose_record_names_no_subject_never_satisfies_a_subject_row ... ok
test an_unread_event_does_not_unmake_a_write_that_was_observed ... ok
test a_vendor_transcripts_own_path_argument_is_read_into_the_same_form ... ok
test a_subject_matcher_reads_the_scheme_so_a_file_row_cannot_select_a_program ... ok
test an_operation_witnesses_a_write_under_a_tool_name_no_document_lists ... ok
test an_unread_event_leaves_an_existence_claim_undecided_when_nothing_matched ... ok
test naming_both_vocabularies_decides_against_either_stream ... ok

test result: ok. 13 passed; 0 failed; 0 ignored; 0 measured; 0 filtered out; finished in 0.02s

     Running unittests src/main.rs (target/debug/deps/xtask-41ea6d7fc347341b)

running 31 tests
test currency_tests::the_stamp_states_the_step_count_it_lists ... ok
test currency_tests::a_hand_edited_currency_stamp_no_longer_matches_what_the_tags_derive ... ok
test dep_tests::a_workspace_member_under_the_prefix_reads_as_its_own_source ... ok
test currency_tests::removing_the_gate_or_its_release_reuse_is_drift ... ok
test dep_tests::a_lockfile_with_no_entity_crate_is_a_finding_not_a_pass ... ok
test currency_tests::check_mode_refuses_a_changed_generated_region ... ok
test dep_tests::any_eventlog_crate_in_the_lockfile_is_refused_naming_it ... ok
test dep_tests::entity_eventlog_in_the_lockfile_is_refused_even_at_the_runtime_pin ... ok
test tests::missing_or_reversed_markers_are_refused ... ok
test dep_tests::the_entity_crates_are_read_out_of_the_lockfile_and_nothing_else_is ... ok
test tests::splicing_replaces_only_the_generated_region_and_twice_changes_nothing ... ok
test currency_tests::the_gate_step_list_is_read_from_the_taskfile ... ok
test tests::a_pipe_in_a_tag_subject_cannot_break_the_table ... ok
test tests::the_delivered_waves_table_keeps_the_tags_in_the_order_given ... ok
test tests::the_delivered_waves_table_uses_the_current_repository_name ... ok
test dep_tests::an_ess_modeling_crate_is_refused_even_beside_one_entity_runtime_pin ... ok
test layout_tests::every_workspace_member_lives_under_one_of_the_named_areas ... ok
test tests::a_project_5_evidence_file_naming_the_commit_is_a_planning_record ... ok
test layout_tests::a_crate_nested_below_an_area_is_found_and_is_not_at_area_depth ... ok
test layout_tests::every_member_package_is_named_after_its_directory ... ok
test dep_tests::two_tags_across_the_entity_crates_are_refused_even_when_no_crate_is_duplicated ... ok
test layout_tests::crates_holds_area_directories_and_no_crate_of_its_own ... ok
test layout_tests::every_workspace_dependency_path_is_that_crate_s_member_path ... ok
test layout_tests::every_crate_manifest_under_crates_is_a_member_at_area_depth ... ok
test layout_tests::the_profile_and_cli_crates_are_named_after_the_protocol ... ok
test dep_tests::one_version_from_one_tag_passes ... ok
test dep_tests::two_versions_of_one_entity_crate_are_refused_and_both_are_named ... ok
test currency_tests::removing_a_release_target_or_checksum_is_drift ... ok
test dep_tests::the_committed_lockfile_passes ... ok
test currency_tests::ci_and_release_delegate_to_the_one_gate ... ok
test tests::schema_check_refuses_orphans_and_accepts_the_generated_index ... ok

test result: ok. 31 passed; 0 failed; 0 ignored; 0 measured; 0 filtered out; finished in 0.10s

     Running tests/crate_paths_are_area_qualified.rs (target/debug/deps/crate_paths_are_area_qualified-eb97a71f73e3b408)

running 5 tests
test a_path_naming_a_crate_the_tree_lacks_is_refused_and_a_live_one_is_not ... ok
test no_live_planning_artifact_scopes_a_file_by_its_pre_move_path ... ok
test a_live_scope_naming_a_crate_this_tree_lacks_is_reported_and_a_finished_one_is_not ... ok
test no_tracked_file_names_a_crate_this_tree_does_not_have ... ok
test no_tracked_file_spells_a_crate_path_the_pre_move_way ... ok

test result: ok. 5 passed; 0 failed; 0 ignored; 0 measured; 0 filtered out; finished in 0.54s

     Running tests/live_acceptance_names_a_package_this_workspace_builds.rs (target/debug/deps/live_acceptance_names_a_package_this_workspace_builds-09102c0f14692b58)

running 2 tests
test a_cargo_package_reference_is_read_out_of_an_acceptance_line_and_prose_is_not ... ok
test no_live_acceptance_names_a_package_the_workspace_does_not_build ... ok

test result: ok. 2 passed; 0 failed; 0 ignored; 0 measured; 0 filtered out; finished in 0.01s

   Doc-tests aep_backend_entity

running 0 tests

test result: ok. 0 passed; 0 failed; 0 ignored; 0 measured; 0 filtered out; finished in 0.00s

   Doc-tests aep_backend_hybrid

running 0 tests

test result: ok. 0 passed; 0 failed; 0 ignored; 0 measured; 0 filtered out; finished in 0.00s

   Doc-tests aep_backend_markdown

running 0 tests

test result: ok. 0 passed; 0 failed; 0 ignored; 0 measured; 0 filtered out; finished in 0.00s

   Doc-tests aep_backend_memory

running 0 tests

test result: ok. 0 passed; 0 failed; 0 ignored; 0 measured; 0 filtered out; finished in 0.00s

   Doc-tests aep_backend_postgres

running 0 tests

test result: ok. 0 passed; 0 failed; 0 ignored; 0 measured; 0 filtered out; finished in 0.00s

   Doc-tests aep_backend_sqlite

running 0 tests

test result: ok. 0 passed; 0 failed; 0 ignored; 0 measured; 0 filtered out; finished in 0.00s

   Doc-tests aep_cli

running 0 tests

test result: ok. 0 passed; 0 failed; 0 ignored; 0 measured; 0 filtered out; finished in 0.00s

   Doc-tests aep_client

running 0 tests

test result: ok. 0 passed; 0 failed; 0 ignored; 0 measured; 0 filtered out; finished in 0.00s

   Doc-tests aep_conformance

running 1 test
test crates/plan/aep-conformance/src/lib.rs - (line 7) - compile ... ok

test result: ok. 1 passed; 0 failed; 0 ignored; 0 measured; 0 filtered out; finished in 0.02s

   Doc-tests aep_contract

running 0 tests

test result: ok. 0 passed; 0 failed; 0 ignored; 0 measured; 0 filtered out; finished in 0.00s

   Doc-tests aep_domain

running 2 tests
test crates/govern/aep-domain/src/raw.rs - raw (line 16) - compile ... ok
test crates/govern/aep-domain/src/ids.rs - ids::identifier_pattern (line 161) ... ok

test result: ok. 2 passed; 0 failed; 0 ignored; 0 measured; 0 filtered out; finished in 0.08s

   Doc-tests aep_driver

running 1 test
test crates/drive/aep-driver/src/tool.rs - tool (line 3) ... ok

test result: ok. 1 passed; 0 failed; 0 ignored; 0 measured; 0 filtered out; finished in 0.13s

   Doc-tests aep_driver_spec

running 0 tests

test result: ok. 0 passed; 0 failed; 0 ignored; 0 measured; 0 filtered out; finished in 0.00s

   Doc-tests aep_engine

running 0 tests

test result: ok. 0 passed; 0 failed; 0 ignored; 0 measured; 0 filtered out; finished in 0.00s

   Doc-tests aep_ess_evidence

running 0 tests

test result: ok. 0 passed; 0 failed; 0 ignored; 0 measured; 0 filtered out; finished in 0.00s

   Doc-tests aep_profile_development

running 0 tests

test result: ok. 0 passed; 0 failed; 0 ignored; 0 measured; 0 filtered out; finished in 0.00s

   Doc-tests aep_profile_operations

running 0 tests

test result: ok. 0 passed; 0 failed; 0 ignored; 0 measured; 0 filtered out; finished in 0.00s

   Doc-tests aep_project

running 0 tests

test result: ok. 0 passed; 0 failed; 0 ignored; 0 measured; 0 filtered out; finished in 0.00s

   Doc-tests aep_render

running 1 test
test crates/drive/aep-render/src/lib.rs - (line 8) - compile ... ok

test result: ok. 1 passed; 0 failed; 0 ignored; 0 measured; 0 filtered out; finished in 0.02s

   Doc-tests aep_schema

running 0 tests

test result: ok. 0 passed; 0 failed; 0 ignored; 0 measured; 0 filtered out; finished in 0.00s

   Doc-tests trace_domain

running 0 tests

test result: ok. 0 passed; 0 failed; 0 ignored; 0 measured; 0 filtered out; finished in 0.00s

   Doc-tests trace_spec

running 0 tests

test result: ok. 0 passed; 0 failed; 0 ignored; 0 measured; 0 filtered out; finished in 0.00s

task: [docs-check] cargo test -q -p aep-cli --lib cli_reference

running 2 tests
..
test result: ok. 2 passed; 0 failed; 0 ignored; 0 measured; 161 filtered out; finished in 0.02s

task: [postgres-check] scripts/postgres-check.sh
postgres-check: skipped, ENTITY_POSTGRES_URL unset
task: [doc-check] cargo doc --workspace --no-deps
 Documenting aep-ess-evidence v0.63.1 (<AEP_WORKTREE>/crates/observe/aep-ess-evidence)
    Finished `dev` profile [unoptimized] target(s) in 0.90s
   Generated <AEP_WORKTREE>/target/doc/aep_backend_entity/index.html and 24 other files
task: [schema-check] cargo xtask schema --check
schemas are up to date
task: [msrv] cargo +1.85 build --workspace --locked --exclude aep-cli
    Finished `dev` profile [unoptimized] target(s) in 0.31s
task: [msrv] cargo +1.91 build --locked -p aep-cli
    Finished `dev` profile [unoptimized] target(s) in 0.69s
task: [website] npm ci
npm warn skipping integrity check for git dependency https://github.com/beyond10x/docs-system.git
npm warn deprecated uuid@8.3.2: uuid@10 and below is no longer supported.  For ESM codebases, update to uuid@latest.  For CommonJS codebases, use uuid@11 (but be aware this version will likely be deprecated in 2028).

added 1413 packages, and audited 1414 packages in 15s

427 packages are looking for funding
  run `npm fund` for details

30 vulnerabilities (25 moderate, 5 high)

To address issues that do not require attention, run:
  npm audit fix

Some issues need review, and may require choosing
a different dependency.

Run `npm audit` for details.
npm warn install-scripts 2 packages had install scripts blocked because they are not covered by allowScripts:
npm warn install-scripts   @swc/core@1.16.1 (postinstall: node postinstall.js)
npm warn install-scripts   core-js@3.50.0 (postinstall: node -e "try{require('./postinstall')}catch(e){}")
npm warn install-scripts
npm warn install-scripts Run `npm install-scripts ls` to review, or `npm install-scripts approve <pkg>` to allow.
task: [website] npm run build
npm notice run website@0.0.0 build
npm notice run docusaurus build
[INFO] [en] Creating an optimized production build...
[SUCCESS] Generated static files in "build".
[INFO] Use `npm run serve` command to test your build locally.
